{"type":"FeatureCollection","features":[{"type":"Feature","properties":{"area_code":"1","area_name":"Auckland","fua_code":"1001","fua_name":"Auckland"},"geometry":{"type":"MultiPolygon","coordinates":[[[[174.6123,-36.7741],[174.6179,-36.7747],[174.6167,-36.78],[174.6213,-36.7752],[174.6329,-36.7756],[174.6341,-36.7801],[174.6383,-36.7747],[174.6433,-36.7747],[174.6414,-36.7769],[174.6429,-36.7803],[174.646,-36.7787],[174.6456,-36.7824],[174.6609,-36.7743],[174.6596,-36.7803],[174.6456,-36.7826],[174.6418,-36.7902],[174.6377,-36.7908],[174.6408,-36.7918],[174.6374,-36.7972],[174.6461,-36.7892],[174.6517,-36.7925],[174.6557,-36.7875],[174.6658,-36.7853],[174.6724,-36.7877],[174.6705,-36.7933],[174.6744,-36.7964],[174.666,-36.7957],[174.6709,-36.7994],[174.6642,-36.7999],[174.6729,-36.8018],[174.6709,-36.8049],[174.6626,-36.8073],[174.6505,-36.8011],[174.6455,-36.8085],[174.6528,-36.8079],[174.6502,-36.8136],[174.6406,-36.8109],[174.6457,-36.818],[174.6403,-36.8227],[174.6291,-36.8248],[174.638,-36.8262],[174.6364,-36.8312],[174.6391,-36.8329],[174.6258,-36.8402],[174.6305,-36.8408],[174.6296,-36.8462],[174.6315,-36.8433],[174.6349,-36.8484],[174.6404,-36.8464],[174.6404,-36.8524],[174.6453,-36.8541],[174.6439,-36.8432],[174.6349,-36.8432],[174.6323,-36.8404],[174.6411,-36.8331],[174.6449,-36.8335],[174.6424,-36.832],[174.644,-36.8255],[174.6502,-36.8246],[174.6529,-36.8299],[174.6539,-36.8268],[174.6623,-36.8349],[174.6566,-36.8507],[174.6569,-36.8593],[174.6771,-36.8712],[174.6989,-36.8713],[174.6963,-36.869],[174.7031,-36.851],[174.7111,-36.861],[174.7095,-36.8543],[174.7131,-36.8584],[174.7171,-36.8576],[174.7124,-36.8565],[174.714,-36.8523],[174.7196,-36.8498],[174.724,-36.8515],[174.7258,-36.8441],[174.7392,-36.8403],[174.7427,-36.8351],[174.7593,-36.8364],[174.7567,-36.8403],[174.7641,-36.8421],[174.7654,-36.8391],[174.7654,-36.8426],[174.7684,-36.8399],[174.768,-36.8431],[174.7699,-36.8413],[174.7714,-36.8439],[174.7731,-36.8399],[174.7767,-36.84],[174.7752,-36.8432],[174.7802,-36.8411],[174.7782,-36.844],[174.7844,-36.8455],[174.783,-36.8399],[174.7856,-36.8403],[174.7893,-36.8477],[174.8006,-36.8531],[174.8107,-36.849],[174.8156,-36.8515],[174.8183,-36.8495],[174.8169,-36.8454],[174.8243,-36.8436],[174.8477,-36.8507],[174.8603,-36.8492],[174.864,-36.8436],[174.8754,-36.8465],[174.8828,-36.8559],[174.8798,-36.8649],[174.892,-36.8717],[174.8697,-36.8779],[174.8777,-36.8788],[174.8681,-36.8878],[174.8688,-36.9021],[174.8576,-36.9079],[174.8535,-36.9019],[174.8437,-36.9064],[174.8474,-36.9085],[174.8555,-36.906],[174.8566,-36.912],[174.8499,-36.9127],[174.8543,-36.9122],[174.8508,-36.9164],[174.8542,-36.915],[174.8629,-36.9256],[174.844,-36.9363],[174.849,-36.9369],[174.8544,-36.9313],[174.8578,-36.9331],[174.8555,-36.9374],[174.8579,-36.9341],[174.8597,-36.9356],[174.8594,-36.9318],[174.8663,-36.9328],[174.8576,-36.9387],[174.8564,-36.948],[174.8524,-36.9451],[174.8543,-36.9485],[174.8489,-36.9518],[174.8512,-36.9538],[174.8435,-36.9557],[174.8493,-36.9572],[174.8463,-36.9641],[174.842,-36.9653],[174.8452,-36.9654],[174.8452,-36.9685],[174.8496,-36.9551],[174.8544,-36.9541],[174.8574,-36.9578],[174.8577,-36.9548],[174.8523,-36.9523],[174.86,-36.946],[174.8685,-36.9499],[174.8679,-36.9527],[174.8693,-36.948],[174.8795,-36.9476],[174.8809,-36.9548],[174.8803,-36.9494],[174.8856,-36.9498],[174.8765,-36.9452],[174.8817,-36.9437],[174.8797,-36.9426],[174.8667,-36.9478],[174.8646,-36.946],[174.8672,-36.9436],[174.8619,-36.9452],[174.8624,-36.9411],[174.8749,-36.9346],[174.8721,-36.9347],[174.869,-36.9275],[174.8777,-36.9286],[174.8789,-36.9326],[174.8778,-36.9297],[174.8808,-36.9302],[174.8812,-36.927],[174.8917,-36.9294],[174.8888,-36.9253],[174.893,-36.9258],[174.8955,-36.9229],[174.8914,-36.9222],[174.896,-36.9179],[174.9045,-36.9243],[174.9056,-36.9286],[174.9004,-36.9211],[174.9049,-36.9142],[174.899,-36.9201],[174.8922,-36.9088],[174.895,-36.9182],[174.8907,-36.919],[174.8868,-36.9259],[174.8799,-36.923],[174.8784,-36.9267],[174.8713,-36.9251],[174.8756,-36.92],[174.8731,-36.918],[174.8643,-36.9223],[174.8617,-36.9201],[174.8652,-36.9152],[174.8584,-36.9162],[174.8608,-36.9069],[174.8621,-36.9108],[174.8648,-36.9106],[174.8622,-36.9082],[174.8646,-36.907],[174.8698,-36.9107],[174.8695,-36.908],[174.8759,-36.9053],[174.8799,-36.8911],[174.8962,-36.8926],[174.8879,-36.8889],[174.8962,-36.8796],[174.9059,-36.8756],[174.899,-36.8615],[174.9016,-36.8465],[174.9061,-36.8554],[174.9049,-36.8588],[174.9155,-36.8748],[174.9394,-36.8879],[174.9409,-36.8924],[174.9513,-36.8953],[174.9545,-36.9103],[174.9444,-36.915],[174.9391,-36.9138],[174.9327,-36.9213],[174.9253,-36.947],[174.9291,-36.9482],[174.9301,-36.9534],[174.9394,-36.9571],[174.9381,-36.9632],[174.9439,-36.9636],[174.946,-36.9704],[174.9585,-36.9732],[174.9569,-36.9759],[174.9627,-36.9766],[174.9684,-36.9829],[174.952,-36.9856],[174.9501,-36.9904],[174.9526,-36.9912],[174.9535,-36.9999],[174.9409,-36.9963],[174.9435,-37.0015],[174.9363,-37.0003],[174.9372,-36.9974],[174.9306,-37.0005],[174.9243,-36.999],[174.9348,-37.0074],[174.9564,-37.0508],[174.9728,-37.0474],[174.9813,-37.0522],[174.9867,-37.0502],[174.9912,-37.0663],[174.9895,-37.0689],[174.9833,-37.0698],[174.9785,-37.0731],[174.9802,-37.0749],[174.9719,-37.078],[174.9575,-37.0784],[174.9528,-37.1036],[174.9359,-37.1191],[174.9291,-37.1018],[174.923,-37.1003],[174.9177,-37.0924],[174.9213,-37.0913],[174.9336,-37.0989],[174.9397,-37.0952],[174.9437,-37.104],[174.9417,-37.1109],[174.9456,-37.0943],[174.9426,-37.0964],[174.9378,-37.0928],[174.934,-37.0969],[174.9338,-37.0908],[174.9284,-37.0924],[174.9211,-37.0885],[174.9219,-37.0843],[174.9187,-37.0833],[174.9151,-37.0887],[174.9107,-37.0862],[174.913,-37.084],[174.9072,-37.0857],[174.9066,-37.0816],[174.9025,-37.0868],[174.8997,-37.0813],[174.904,-37.0718],[174.9076,-37.0739],[174.9145,-37.0681],[174.9043,-37.0659],[174.9076,-37.061],[174.9131,-37.0597],[174.9067,-37.0649],[174.9107,-37.0668],[174.9232,-37.0595],[174.9341,-37.0659],[174.9339,-37.0618],[174.9375,-37.0596],[174.9325,-37.061],[174.928,-37.0569],[174.9329,-37.0549],[174.9263,-37.0528],[174.9215,-37.0569],[174.9226,-37.0594],[174.9189,-37.0555],[174.9244,-37.05],[174.9216,-37.046],[174.9182,-37.0471],[174.9189,-37.053],[174.9098,-37.0533],[174.9042,-37.0494],[174.908,-37.0473],[174.9077,-37.0428],[174.9007,-37.0446],[174.8912,-37.051],[174.8873,-37.059],[174.8792,-37.0536],[174.8696,-37.0537],[174.8717,-37.0488],[174.8795,-37.0449],[174.8821,-37.0491],[174.8882,-37.0438],[174.8877,-37.0404],[174.8897,-37.0431],[174.8926,-37.0405],[174.8749,-37.0418],[174.8734,-37.0374],[174.8716,-37.0456],[174.8643,-37.0529],[174.859,-37.0518],[174.8545,-37.0321],[174.8566,-37.0262],[174.854,-37.0224],[174.86,-37.021],[174.8548,-37.019],[174.8569,-37.0165],[174.8526,-37.0198],[174.851,-37.0181],[174.8511,-37.0214],[174.8403,-37.0184],[174.8535,-37.025],[174.8527,-37.0289],[174.8443,-37.0296],[174.8239,-37.0113],[174.8283,-37.008],[174.8146,-37.0098],[174.8192,-37.003],[174.8091,-37.0061],[174.8083,-37.0103],[174.8022,-37.0122],[174.815,-37.0141],[174.8169,-37.0176],[174.7939,-37.0117],[174.7651,-37.0187],[174.7649,-37.0155],[174.7744,-37.0111],[174.771,-37.0048],[174.7634,-37.0056],[174.7444,-36.9982],[174.7419,-36.9926],[174.7471,-36.981],[174.7523,-36.9805],[174.7555,-36.9765],[174.7628,-36.9778],[174.7674,-36.9738],[174.7658,-36.9675],[174.7567,-36.9674],[174.7564,-36.9699],[174.7453,-36.9727],[174.7349,-36.9681],[174.7357,-36.962],[174.7296,-36.9621],[174.7492,-36.96],[174.7742,-36.9659],[174.7745,-36.9586],[174.7792,-36.9593],[174.7809,-36.9554],[174.7769,-36.9543],[174.7742,-36.9583],[174.7682,-36.9585],[174.7647,-36.9529],[174.7561,-36.9495],[174.7559,-36.942],[174.7644,-36.9392],[174.7749,-36.9408],[174.778,-36.9376],[174.7845,-36.9403],[174.7861,-36.9349],[174.798,-36.9429],[174.7997,-36.9475],[174.7971,-36.95],[174.8171,-36.943],[174.8163,-36.9491],[174.8096,-36.9536],[174.8179,-36.9524],[174.8177,-36.9577],[174.8193,-36.9528],[174.8228,-36.9539],[174.8174,-36.9521],[174.8169,-36.949],[174.8308,-36.9418],[174.8291,-36.9309],[174.8227,-36.9282],[174.7825,-36.9334],[174.7816,-36.929],[174.7755,-36.9259],[174.7637,-36.9256],[174.76,-36.9275],[174.7604,-36.9313],[174.7401,-36.9324],[174.7294,-36.939],[174.7263,-36.9343],[174.722,-36.9371],[174.7143,-36.9344],[174.7118,-36.9274],[174.7067,-36.9258],[174.7007,-36.93],[174.7024,-36.9318],[174.6892,-36.9316],[174.6695,-36.9406],[174.6693,-36.9436],[174.6648,-36.9441],[174.669,-36.9476],[174.6654,-36.9491],[174.6645,-36.9548],[174.6594,-36.9508],[174.6501,-36.9648],[174.6458,-36.9568],[174.6486,-36.9554],[174.648,-36.9517],[174.6438,-36.9485],[174.6462,-36.9498],[174.6453,-36.9552],[174.6418,-36.957],[174.6375,-36.9546],[174.6438,-36.9587],[174.6417,-36.9662],[174.6451,-36.9688],[174.6347,-36.9728],[174.632,-36.9795],[174.6263,-36.9768],[174.6263,-36.9705],[174.6189,-36.9697],[174.6162,-36.9626],[174.6252,-36.9566],[174.6213,-36.9491],[174.6246,-36.9431],[174.6377,-36.9367],[174.6357,-36.9275],[174.6305,-36.9257],[174.6303,-36.9207],[174.6208,-36.9119],[174.6237,-36.9099],[174.6228,-36.9062],[174.6252,-36.9086],[174.6271,-36.9062],[174.6092,-36.8942],[174.6044,-36.8943],[174.5971,-36.875],[174.5906,-36.876],[174.5889,-36.8723],[174.583,-36.8722],[174.5834,-36.8694],[174.5762,-36.8707],[174.57,-36.8647],[174.5742,-36.8604],[174.5793,-36.8632],[174.5918,-36.8618],[174.5956,-36.8573],[174.5918,-36.8584],[174.5903,-36.8538],[174.6015,-36.854],[174.6046,-36.858],[174.606,-36.8557],[174.602,-36.8505],[174.6049,-36.8464],[174.5937,-36.8436],[174.597,-36.8366],[174.5828,-36.8377],[174.5748,-36.8314],[174.578,-36.8224],[174.5899,-36.8161],[174.5855,-36.8072],[174.5882,-36.7954],[174.5967,-36.7882],[174.6025,-36.795],[174.598,-36.7877],[174.602,-36.7799],[174.6065,-36.7798],[174.6054,-36.7773],[174.6123,-36.7741]]],[[[174.6277,-36.8454],[174.6281,-36.849],[174.6293,-36.8466],[174.6277,-36.8454]]],[[[174.6275,-36.8481],[174.6128,-36.856],[174.6239,-36.851],[174.6225,-36.8562],[174.626,-36.856],[174.6275,-36.8481]]],[[[174.6402,-36.8527],[174.6348,-36.8711],[174.6373,-36.8697],[174.6402,-36.8527]]],[[[174.6586,-36.8629],[174.6589,-36.8657],[174.6563,-36.8661],[174.6567,-36.8631],[174.6519,-36.8655],[174.6559,-36.8714],[174.6528,-36.8732],[174.6574,-36.8735],[174.6581,-36.8773],[174.6546,-36.8783],[174.657,-36.8791],[174.6531,-36.8862],[174.6587,-36.8808],[174.667,-36.886],[174.6579,-36.8975],[174.6671,-36.8891],[174.6718,-36.8929],[174.67,-36.9002],[174.6756,-36.9011],[174.677,-36.8988],[174.6782,-36.9059],[174.6808,-36.9029],[174.6791,-36.8997],[174.6924,-36.9041],[174.6908,-36.9117],[174.694,-36.9034],[174.6846,-36.9015],[174.6859,-36.8982],[174.6744,-36.896],[174.6767,-36.8919],[174.6721,-36.8891],[174.6767,-36.8848],[174.6637,-36.8797],[174.6679,-36.8736],[174.664,-36.8708],[174.6646,-36.8636],[174.6606,-36.8636],[174.662,-36.8615],[174.6594,-36.8605],[174.6586,-36.8629]]],[[[174.6743,-36.8709],[174.6723,-36.8769],[174.6882,-36.8821],[174.6867,-36.8849],[174.6934,-36.8849],[174.6942,-36.8882],[174.6952,-36.8738],[174.703,-36.874],[174.6831,-36.8721],[174.6788,-36.8756],[174.6785,-36.8723],[174.6743,-36.8709]]],[[[174.8112,-36.8702],[174.8174,-36.8675],[174.8168,-36.8747],[174.8227,-36.8721],[174.8194,-36.8712],[174.8181,-36.8657],[174.8117,-36.8633],[174.8085,-36.8676],[174.8112,-36.8702]]],[[[174.8083,-36.8643],[174.8055,-36.8601],[174.8126,-36.8611],[174.8085,-36.8549],[174.8052,-36.8529],[174.8013,-36.8564],[174.8052,-36.8601],[174.7925,-36.8489],[174.7869,-36.8484],[174.7925,-36.849],[174.7934,-36.8551],[174.7886,-36.8637],[174.796,-36.8643],[174.7984,-36.8617],[174.8034,-36.8621],[174.8046,-36.8659],[174.8083,-36.8643]]],[[[174.8128,-36.8613],[174.8205,-36.8662],[174.8342,-36.8651],[174.8208,-36.8654],[174.8128,-36.8613]]],[[[174.8197,-36.9795],[174.8186,-36.9886],[174.8157,-36.9853],[174.8118,-36.9859],[174.8194,-36.991],[174.8166,-36.9931],[174.8107,-36.9926],[174.8077,-36.9956],[174.8092,-36.99],[174.8031,-36.9898],[174.8041,-36.9855],[174.7985,-36.9803],[174.797,-36.9869],[174.7994,-36.9885],[174.7934,-36.9893],[174.792,-36.9865],[174.7904,-36.9891],[174.8,-36.9905],[174.8025,-36.9939],[174.7991,-36.9948],[174.8065,-36.9982],[174.8006,-36.9984],[174.802,-37.0014],[174.8058,-37.0013],[174.8086,-37.0055],[174.8123,-37.0046],[174.8085,-37.0007],[174.813,-36.9968],[174.823,-36.9961],[174.8192,-36.9937],[174.8232,-36.9919],[174.827,-36.993],[174.8284,-36.9984],[174.828,-36.9953],[174.8332,-36.9967],[174.8278,-36.9942],[174.8361,-36.9903],[174.8327,-36.9893],[174.8362,-36.9882],[174.8328,-36.9889],[174.8277,-36.9938],[174.8243,-36.9909],[174.8202,-36.9925],[174.8225,-36.9816],[174.8196,-36.985],[174.8197,-36.9795]]],[[[174.7795,-36.9569],[174.7781,-36.9567],[174.779,-36.9562],[174.7795,-36.9569]]],[[[174.7638,-36.9528],[174.7642,-36.9535],[174.7631,-36.9543],[174.7638,-36.9528]]],[[[174.76,-36.951],[174.761,-36.9516],[174.76,-36.9515],[174.76,-36.951]]],[[[174.7544,-36.9443],[174.7545,-36.9448],[174.7541,-36.9448],[174.7544,-36.9443]]],[[[174.8201,-36.9393],[174.8198,-36.9389],[174.8203,-36.9386],[174.8201,-36.9393]]],[[[174.8135,-36.9388],[174.8134,-36.9386],[174.814,-36.9381],[174.8135,-36.9388]]],[[[174.6656,-36.8574],[174.6751,-36.8657],[174.6746,-36.8692],[174.6656,-36.8574]]],[[[174.7451,-36.6773],[174.7418,-36.6816],[174.7435,-36.6866],[174.75,-36.6911],[174.7537,-36.689],[174.7619,-36.6958],[174.756,-36.6986],[174.7564,-36.7027],[174.7522,-36.7022],[174.7545,-36.7113],[174.7507,-36.7114],[174.7499,-36.7158],[174.7575,-36.73],[174.7531,-36.7325],[174.7654,-36.7482],[174.7643,-36.7531],[174.7702,-36.76],[174.7664,-36.7643],[174.776,-36.7736],[174.778,-36.7796],[174.7753,-36.7879],[174.7925,-36.8006],[174.8003,-36.8119],[174.8074,-36.8149],[174.8061,-36.8198],[174.8134,-36.8259],[174.8126,-36.8296],[174.8071,-36.8284],[174.795,-36.834],[174.7908,-36.8307],[174.7831,-36.8316],[174.7862,-36.8313],[174.7807,-36.8267],[174.7729,-36.8294],[174.7745,-36.8252],[174.7802,-36.8255],[174.7843,-36.8215],[174.7908,-36.824],[174.794,-36.8217],[174.7918,-36.8199],[174.7941,-36.817],[174.7835,-36.8184],[174.7888,-36.8133],[174.7721,-36.8174],[174.7666,-36.8229],[174.7631,-36.8219],[174.7701,-36.8136],[174.7791,-36.8118],[174.7847,-36.8068],[174.7786,-36.8078],[174.7819,-36.8018],[174.7732,-36.8058],[174.7687,-36.8],[174.7731,-36.7973],[174.7678,-36.797],[174.7706,-36.7933],[174.7669,-36.7903],[174.7671,-36.7953],[174.7615,-36.7986],[174.7605,-36.8044],[174.7546,-36.7997],[174.7509,-36.801],[174.7579,-36.8069],[174.7605,-36.8045],[174.7515,-36.815],[174.7493,-36.8267],[174.7466,-36.8266],[174.7469,-36.8206],[174.7414,-36.8164],[174.7339,-36.8231],[174.7278,-36.8178],[174.724,-36.8229],[174.7101,-36.8263],[174.7073,-36.8234],[174.6992,-36.8243],[174.6951,-36.8153],[174.7009,-36.8131],[174.6898,-36.8125],[174.6885,-36.8104],[174.6915,-36.8094],[174.6868,-36.8072],[174.6875,-36.8022],[174.6803,-36.7934],[174.6834,-36.7931],[174.6787,-36.79],[174.6826,-36.7869],[174.6864,-36.7884],[174.6869,-36.7857],[174.6904,-36.7873],[174.6897,-36.785],[174.6953,-36.7826],[174.6971,-36.7886],[174.6975,-36.7855],[174.7016,-36.785],[174.7073,-36.7916],[174.7041,-36.7858],[174.7088,-36.7839],[174.7026,-36.7846],[174.6975,-36.7792],[174.7028,-36.7714],[174.692,-36.7806],[174.6843,-36.7808],[174.6785,-36.7865],[174.6645,-36.7798],[174.6666,-36.7764],[174.6624,-36.772],[174.6679,-36.7723],[174.6659,-36.7676],[174.6697,-36.7633],[174.6722,-36.7688],[174.6727,-36.7634],[174.6812,-36.7665],[174.6839,-36.763],[174.6759,-36.7593],[174.6807,-36.7553],[174.6775,-36.7546],[174.6777,-36.7497],[174.6818,-36.7507],[174.6787,-36.7483],[174.6795,-36.7432],[174.6935,-36.7271],[174.6929,-36.7231],[174.6929,-36.7276],[174.6891,-36.7287],[174.6741,-36.7142],[174.6817,-36.709],[174.7064,-36.7108],[174.7209,-36.7024],[174.7168,-36.697],[174.7186,-36.6906],[174.7338,-36.6869],[174.7352,-36.6787],[174.7451,-36.6773]]],[[[174.7641,-36.7754],[174.7595,-36.7775],[174.7609,-36.7838],[174.7665,-36.7859],[174.7726,-36.7821],[174.7737,-36.7768],[174.7641,-36.7754]]],[[[174.7456,-36.8076],[174.7444,-36.8098],[174.75,-36.812],[174.7506,-36.8155],[174.7456,-36.8076]]]]}},{"type":"Feature","properties":{"area_code":"2","area_name":"Auckland","fua_code":"1001","fua_name":"Auckland"},"geometry":{"type":"MultiPolygon","coordinates":[[[[174.6872,-36.564],[174.6951,-36.5657],[174.6951,-36.5716],[174.6912,-36.5743],[174.7008,-36.595],[174.697,-36.6004],[174.7079,-36.6003],[174.7064,-36.6026],[174.7148,-36.6103],[174.7216,-36.6119],[174.7375,-36.624],[174.7442,-36.6244],[174.746,-36.6185],[174.7532,-36.6276],[174.7622,-36.6277],[174.7714,-36.6182],[174.7704,-36.6084],[174.7987,-36.601],[174.8131,-36.6014],[174.8165,-36.5955],[174.8257,-36.5926],[174.8385,-36.5933],[174.8374,-36.5977],[174.8408,-36.6018],[174.8369,-36.6162],[174.8298,-36.62],[174.8299,-36.6164],[174.8251,-36.6142],[174.8163,-36.6177],[174.8135,-36.6073],[174.808,-36.6078],[174.8041,-36.6182],[174.8069,-36.6212],[174.8013,-36.6276],[174.7966,-36.6297],[174.7897,-36.6242],[174.787,-36.6267],[174.7834,-36.6232],[174.7737,-36.6242],[174.7669,-36.6364],[174.7626,-36.6363],[174.7595,-36.6417],[174.7497,-36.6398],[174.7407,-36.648],[174.7297,-36.644],[174.7226,-36.6367],[174.7099,-36.615],[174.6963,-36.613],[174.6902,-36.6174],[174.6968,-36.6155],[174.6915,-36.6183],[174.6772,-36.6196],[174.6901,-36.6189],[174.6815,-36.6292],[174.6712,-36.6294],[174.6688,-36.6375],[174.6667,-36.6369],[174.6628,-36.6352],[174.6629,-36.6176],[174.6506,-36.6213],[174.6458,-36.6145],[174.6359,-36.6169],[174.6328,-36.6041],[174.6507,-36.5941],[174.6528,-36.5987],[174.6647,-36.5981],[174.6641,-36.6005],[174.671,-36.5962],[174.6837,-36.598],[174.6801,-36.6029],[174.6814,-36.6061],[174.6868,-36.6012],[174.697,-36.6002],[174.6921,-36.5908],[174.6922,-36.5959],[174.6886,-36.5966],[174.6812,-36.5917],[174.6722,-36.5906],[174.6702,-36.5922],[174.6781,-36.5941],[174.6629,-36.5983],[174.6635,-36.5911],[174.659,-36.5915],[174.6602,-36.584],[174.6652,-36.584],[174.67,-36.5722],[174.6846,-36.5756],[174.6872,-36.564]]],[[[174.8951,-37.1602],[174.8948,-37.1665],[174.9004,-37.1635],[174.9066,-37.1657],[174.9111,-37.1781],[174.9279,-37.1789],[174.9406,-37.1759],[174.9442,-37.1796],[174.9486,-37.198],[174.9378,-37.1997],[174.9385,-37.2024],[174.9299,-37.2062],[174.9365,-37.2146],[174.932,-37.219],[174.9308,-37.2331],[174.9257,-37.2304],[174.9193,-37.2366],[174.9165,-37.2308],[174.8941,-37.2319],[174.8894,-37.2254],[174.8917,-37.2209],[174.8869,-37.2191],[174.8891,-37.2174],[174.885,-37.214],[174.8872,-37.2123],[174.8766,-37.2011],[174.8881,-37.1949],[174.8881,-37.1894],[174.8919,-37.1888],[174.8864,-37.1879],[174.887,-37.1816],[174.8833,-37.178],[174.8916,-37.1668],[174.8877,-37.1627],[174.8951,-37.1602]]],[[[174.781,-36.6309],[174.7807,-36.6308],[174.7806,-36.6306],[174.781,-36.6309]]],[[[174.6906,-36.5972],[174.6913,-36.5977],[174.6888,-36.5975],[174.6906,-36.5972]]]]}},{"type":"Feature","properties":{"area_code":"3","area_name":"Auckland","fua_code":"1001","fua_name":"Auckland"},"geometry":{"type":"MultiPolygon","coordinates":[[[[175.0406,-36.8768],[175.0441,-36.8808],[175.0559,-36.8826],[175.062,-36.895],[175.0487,-36.8993],[175.0427,-36.8926],[175.0343,-36.891],[175.032,-36.8987],[175.0214,-36.8967],[175.0199,-36.9019],[175.0118,-36.9002],[175.0052,-36.9068],[175.0071,-36.9131],[175.0004,-36.9168],[174.9979,-36.9239],[174.9984,-36.9134],[174.9866,-36.8993],[174.9885,-36.8917],[174.9855,-36.8908],[174.9844,-36.8876],[174.9876,-36.8878],[174.9836,-36.8814],[174.994,-36.8806],[174.9996,-36.8765],[175.0223,-36.8837],[175.0181,-36.881],[175.0198,-36.8771],[175.0381,-36.8743],[175.0406,-36.8768]]],[[[174.9663,-37.2449],[174.9663,-37.2525],[174.9612,-37.2575],[174.9625,-37.2614],[174.9692,-37.261],[174.9698,-37.266],[174.9523,-37.2743],[174.954,-37.2759],[174.9503,-37.2805],[174.9475,-37.279],[174.9343,-37.2896],[174.9291,-37.285],[174.9373,-37.2824],[174.9431,-37.2757],[174.9396,-37.2755],[174.938,-37.2656],[174.9328,-37.2624],[174.9374,-37.2582],[174.931,-37.2541],[174.939,-37.2543],[174.9419,-37.252],[174.9406,-37.2474],[174.9463,-37.2507],[174.9588,-37.2499],[174.9663,-37.2449]]],[[[174.7274,-37.233],[174.7261,-37.2404],[174.732,-37.2512],[174.7355,-37.251],[174.7308,-37.2473],[174.7327,-37.2426],[174.7291,-37.2363],[174.7331,-37.2342],[174.74,-37.2409],[174.7454,-37.2413],[174.7379,-37.2382],[174.7409,-37.2359],[174.7496,-37.24],[174.7468,-37.2448],[174.7572,-37.2516],[174.7389,-37.2679],[174.7328,-37.2686],[174.7315,-37.2629],[174.726,-37.2648],[174.7204,-37.2509],[174.7222,-37.2487],[174.7141,-37.2426],[174.7172,-37.2387],[174.7197,-37.24],[174.7182,-37.2446],[174.7274,-37.233]]],[[[175.0296,-37.2267],[175.0325,-37.2266],[175.0344,-37.235],[175.0386,-37.2369],[175.0411,-37.2429],[175.0344,-37.2447],[175.0329,-37.2564],[175.0249,-37.2587],[175.0233,-37.2657],[175.0183,-37.2693],[175.0172,-37.2637],[175.0099,-37.2601],[175.0022,-37.249],[175.0076,-37.2451],[175.0079,-37.233],[175.0116,-37.2271],[175.0168,-37.2307],[175.0296,-37.2267]]],[[[174.8371,-37.1838],[174.8396,-37.1904],[174.8273,-37.1919],[174.8154,-37.2006],[174.8223,-37.1925],[174.8216,-37.1816],[174.8294,-37.1839],[174.8351,-37.1803],[174.8371,-37.1838]]],[[[174.7067,-37.1335],[174.7178,-37.1334],[174.7214,-37.1392],[174.7055,-37.1473],[174.7043,-37.1412],[174.6968,-37.1436],[174.6947,-37.1391],[174.69,-37.1421],[174.6877,-37.1397],[174.7067,-37.1335]]],[[[174.997,-36.916],[174.9941,-36.9179],[174.9958,-36.9138],[174.997,-36.916]]],[[[174.4193,-36.8101],[174.4245,-36.8109],[174.4336,-36.8235],[174.4391,-36.822],[174.4374,-36.8182],[174.4437,-36.8211],[174.4348,-36.8304],[174.4356,-36.8383],[174.4319,-36.841],[174.4285,-36.8415],[174.4236,-36.8328],[174.4247,-36.8251],[174.418,-36.8141],[174.4193,-36.8101]]],[[[174.4921,-36.7629],[174.5021,-36.7731],[174.4846,-36.7773],[174.4823,-36.7695],[174.49,-36.7694],[174.4921,-36.7629]]],[[[174.5943,-36.7489],[174.5998,-36.7563],[174.5959,-36.7608],[174.5985,-36.7609],[174.5982,-36.764],[174.6005,-36.7624],[174.5998,-36.7658],[174.5872,-36.7684],[174.5884,-36.76],[174.579,-36.7569],[174.5801,-36.7533],[174.5879,-36.7547],[174.5943,-36.7489]]],[[[174.5334,-36.7535],[174.5446,-36.7553],[174.5474,-36.7629],[174.5515,-36.761],[174.554,-36.7635],[174.5557,-36.7673],[174.5506,-36.7716],[174.5541,-36.7701],[174.5605,-36.7765],[174.565,-36.7735],[174.5642,-36.7776],[174.5599,-36.7785],[174.5605,-36.7831],[174.5504,-36.7859],[174.5503,-36.7806],[174.5382,-36.7856],[174.5373,-36.775],[174.5325,-36.7747],[174.5342,-36.7706],[174.5271,-36.7685],[174.5307,-36.7485],[174.5336,-36.7496],[174.5334,-36.7535]]],[[[174.4595,-36.6631],[174.4551,-36.6662],[174.4589,-36.6679],[174.4569,-36.6711],[174.4661,-36.6797],[174.4739,-36.6816],[174.4699,-36.6831],[174.4727,-36.6869],[174.4604,-36.6887],[174.4578,-36.6835],[174.45,-36.6882],[174.4491,-36.6829],[174.4412,-36.6798],[174.4429,-36.6741],[174.4488,-36.6788],[174.4504,-36.6709],[174.4481,-36.6685],[174.442,-36.6705],[174.4416,-36.6679],[174.4489,-36.6664],[174.4504,-36.6628],[174.463,-36.66],[174.4595,-36.6631]]],[[[174.4434,-36.6527],[174.4469,-36.6566],[174.4388,-36.6585],[174.4405,-36.6633],[174.4376,-36.6651],[174.427,-36.6603],[174.427,-36.6554],[174.4304,-36.6581],[174.4297,-36.6523],[174.4434,-36.6527]]]]}},{"type":"Feature","properties":{"area_code":"4","area_name":"Auckland","fua_code":"1001","fua_name":"Auckland"},"geometry":{"type":"MultiPolygon","coordinates":[[[[175.0423,-36.8936],[175.0487,-36.8993],[175.0622,-36.8949],[175.0642,-36.9011],[175.0733,-36.9055],[175.0843,-36.9008],[175.0991,-36.9007],[175.0772,-36.9147],[175.0769,-36.9201],[175.0814,-36.9222],[175.0866,-36.9369],[175.0782,-36.9379],[175.0826,-36.9451],[175.0784,-36.9464],[175.0748,-36.9532],[175.0798,-36.9585],[175.0811,-36.9523],[175.0935,-36.9457],[175.0953,-36.9402],[175.0989,-36.941],[175.0984,-36.9489],[175.1005,-36.9467],[175.1121,-36.9497],[175.1114,-36.9459],[175.1162,-36.9387],[175.132,-36.9385],[175.1354,-36.9313],[175.1413,-36.9304],[175.1409,-36.9274],[175.144,-36.9384],[175.1522,-36.9406],[175.1497,-36.9458],[175.1589,-36.951],[175.1645,-36.9469],[175.1714,-36.9472],[175.1761,-36.938],[175.1824,-36.9379],[175.1921,-36.9303],[175.1963,-36.9358],[175.2038,-36.9372],[175.2051,-36.9412],[175.232,-36.9507],[175.2339,-36.9562],[175.2492,-36.9578],[175.2535,-36.9721],[175.269,-36.9831],[175.2832,-36.9884],[175.2868,-36.9947],[175.2838,-37.0011],[175.2907,-37.009],[175.2883,-37.014],[175.2913,-37.024],[175.2077,-37.0301],[175.2027,-37.036],[175.2067,-37.0373],[175.2021,-37.0387],[175.1971,-37.0359],[175.1848,-37.0408],[175.1785,-37.0303],[175.166,-37.0214],[175.1639,-37.0161],[175.1521,-37.0216],[175.1556,-37.0298],[175.1531,-37.0373],[175.1556,-37.047],[175.148,-37.0536],[175.1457,-37.0665],[175.1366,-37.0702],[175.1361,-37.0849],[175.131,-37.0918],[175.122,-37.0965],[175.12,-37.1081],[175.1286,-37.1132],[175.144,-37.1069],[175.15,-37.1197],[175.1542,-37.121],[175.1522,-37.143],[175.1452,-37.1446],[175.1442,-37.1677],[175.1339,-37.1682],[175.1411,-37.1756],[175.1476,-37.175],[175.1519,-37.1941],[175.1574,-37.1946],[175.1636,-37.2012],[175.1638,-37.206],[175.1695,-37.2064],[175.1705,-37.2145],[175.1599,-37.2177],[175.1401,-37.2173],[175.1377,-37.2228],[175.1415,-37.2256],[175.1383,-37.23],[175.1243,-37.2382],[175.1151,-37.2376],[175.1021,-37.2309],[175.0951,-37.2394],[175.0982,-37.2475],[175.0945,-37.2532],[175.0864,-37.2564],[175.0748,-37.269],[175.0629,-37.2699],[175.0569,-37.2741],[175.0663,-37.2775],[175.0613,-37.2836],[175.0652,-37.2852],[175.0609,-37.2911],[175.0624,-37.2948],[175.0864,-37.3059],[175.0917,-37.3021],[175.0885,-37.2898],[175.0942,-37.284],[175.1083,-37.2911],[175.1219,-37.2909],[175.1378,-37.2822],[175.151,-37.2847],[175.1626,-37.2786],[175.1648,-37.2822],[175.1874,-37.2811],[175.186,-37.2908],[175.1896,-37.2898],[175.1914,-37.3109],[175.2029,-37.3163],[175.205,-37.3216],[175.2157,-37.3242],[175.2058,-37.331],[175.2085,-37.3346],[175.2057,-37.341],[175.2008,-37.3402],[175.2016,-37.3444],[175.1961,-37.3433],[175.1868,-37.3471],[175.1856,-37.3444],[175.1793,-37.3467],[175.1716,-37.3436],[175.153,-37.345],[175.1301,-37.3401],[175.1302,-37.348],[175.1204,-37.3535],[175.1132,-37.3486],[175.1115,-37.3556],[175.1009,-37.3681],[175.1061,-37.374],[175.1049,-37.3774],[175.0972,-37.3775],[175.0918,-37.3845],[175.0715,-37.3938],[175.0614,-37.3941],[175.0611,-37.4088],[175.0575,-37.4104],[175.0555,-37.4186],[175.0596,-37.421],[175.0586,-37.4253],[175.0632,-37.4305],[175.0526,-37.4411],[175.0426,-37.4347],[175.031,-37.4359],[175.0106,-37.4256],[175.0094,-37.4278],[175.0023,-37.4251],[174.9966,-37.429],[175.0078,-37.4146],[175.0056,-37.4099],[175.0009,-37.4095],[174.9967,-37.4028],[174.9919,-37.4011],[174.9918,-37.396],[175.0009,-37.3926],[175.0008,-37.3854],[175.0188,-37.3819],[175.0239,-37.373],[175.0187,-37.3728],[175.0208,-37.368],[175.0143,-37.3662],[175.0138,-37.3628],[175.0026,-37.362],[175.0025,-37.3549],[174.9874,-37.3508],[174.9624,-37.3519],[174.9507,-37.3481],[174.9414,-37.3592],[174.9359,-37.3584],[174.9326,-37.3537],[174.9209,-37.3512],[174.9166,-37.3466],[174.9054,-37.3469],[174.9023,-37.3381],[174.9086,-37.3314],[174.892,-37.33],[174.8858,-37.3224],[174.8703,-37.3184],[174.8584,-37.3181],[174.8523,-37.3272],[174.8546,-37.3276],[174.8552,-37.3357],[174.8177,-37.3374],[174.8132,-37.3209],[174.8233,-37.3089],[174.8444,-37.2977],[174.8232,-37.2826],[174.8226,-37.2764],[174.7966,-37.2849],[174.7925,-37.2934],[174.775,-37.2941],[174.7751,-37.2864],[174.7641,-37.2773],[174.754,-37.2774],[174.7482,-37.2798],[174.7479,-37.2831],[174.7343,-37.28],[174.7322,-37.2687],[174.7263,-37.278],[174.7101,-37.285],[174.6942,-37.2848],[174.6885,-37.2933],[174.6892,-37.3029],[174.6845,-37.302],[174.6683,-37.3099],[174.6592,-37.2926],[174.6617,-37.2884],[174.6577,-37.2839],[174.6795,-37.2728],[174.6702,-37.2653],[174.6709,-37.2629],[174.7121,-37.2416],[174.7222,-37.2487],[174.7204,-37.2509],[174.7236,-37.2611],[174.726,-37.2648],[174.7315,-37.2629],[174.7328,-37.2686],[174.7391,-37.2679],[174.7572,-37.2516],[174.7468,-37.2448],[174.7496,-37.24],[174.7409,-37.2359],[174.7366,-37.2375],[174.7331,-37.2293],[174.7388,-37.2268],[174.7375,-37.2219],[174.728,-37.2246],[174.7244,-37.219],[174.7256,-37.2142],[174.7191,-37.2139],[174.7222,-37.2076],[174.7133,-37.2009],[174.7135,-37.1969],[174.721,-37.1897],[174.7287,-37.1896],[174.7196,-37.186],[174.7209,-37.1821],[174.716,-37.1821],[174.7178,-37.1753],[174.7147,-37.1661],[174.7113,-37.1619],[174.7025,-37.1594],[174.7038,-37.1572],[174.7164,-37.1565],[174.7177,-37.1533],[174.7242,-37.1522],[174.7282,-37.1547],[174.7252,-37.1623],[174.7343,-37.1567],[174.7315,-37.1652],[174.7415,-37.1618],[174.7414,-37.17],[174.7375,-37.1732],[174.7441,-37.1725],[174.7395,-37.1764],[174.7445,-37.1742],[174.745,-37.1768],[174.7394,-37.1809],[174.7477,-37.1804],[174.7467,-37.1882],[174.7502,-37.1881],[174.7496,-37.1824],[174.7526,-37.1827],[174.7468,-37.1777],[174.7476,-37.1693],[174.7549,-37.1757],[174.7538,-37.1687],[174.7575,-37.1701],[174.7577,-37.1676],[174.7637,-37.1666],[174.7686,-37.1729],[174.7689,-37.1668],[174.775,-37.1629],[174.7755,-37.1728],[174.7765,-37.1645],[174.7833,-37.1667],[174.7869,-37.1634],[174.7905,-37.1646],[174.7931,-37.1745],[174.795,-37.1734],[174.7915,-37.1691],[174.7936,-37.1682],[174.7916,-37.1623],[174.7817,-37.1585],[174.7679,-37.157],[174.7642,-37.1614],[174.7564,-37.1627],[174.7576,-37.1578],[174.7538,-37.16],[174.7508,-37.158],[174.7534,-37.1608],[174.7446,-37.1659],[174.7457,-37.1574],[174.7362,-37.1509],[174.7451,-37.1496],[174.741,-37.1497],[174.7423,-37.1467],[174.7285,-37.1522],[174.7265,-37.1476],[174.7213,-37.1513],[174.7186,-37.1481],[174.7142,-37.1526],[174.7101,-37.1477],[174.7089,-37.1521],[174.7055,-37.1515],[174.7055,-37.1473],[174.7214,-37.1392],[174.7178,-37.1333],[174.7432,-37.1239],[174.7755,-37.0887],[174.7925,-37.0924],[174.7906,-37.0975],[174.7912,-37.0934],[174.7898,-37.0971],[174.7853,-37.0931],[174.7887,-37.1048],[174.7862,-37.1008],[174.7761,-37.1049],[174.7843,-37.1043],[174.7877,-37.1079],[174.7876,-37.1121],[174.7798,-37.1171],[174.7865,-37.1144],[174.7872,-37.1164],[174.7837,-37.119],[174.7868,-37.119],[174.7871,-37.1234],[174.78,-37.1375],[174.7877,-37.1306],[174.7934,-37.1374],[174.7955,-37.1362],[174.792,-37.1335],[174.7955,-37.1333],[174.7881,-37.1251],[174.7897,-37.1174],[174.7928,-37.117],[174.7905,-37.1143],[174.7932,-37.1117],[174.7921,-37.105],[174.7942,-37.1031],[174.7995,-37.1055],[174.7969,-37.0962],[174.81,-37.0851],[174.8224,-37.0831],[174.8363,-37.0754],[174.8407,-37.0722],[174.8428,-37.0633],[174.8564,-37.0555],[174.8531,-37.0609],[174.8565,-37.0586],[174.8588,-37.0607],[174.8563,-37.0637],[174.8632,-37.0638],[174.8624,-37.0684],[174.8699,-37.0631],[174.8704,-37.0729],[174.876,-37.0734],[174.8729,-37.0813],[174.8675,-37.0801],[174.8691,-37.0832],[174.8608,-37.089],[174.8663,-37.0874],[174.8604,-37.0996],[174.8633,-37.0988],[174.8629,-37.1047],[174.8655,-37.1033],[174.87,-37.1119],[174.8639,-37.0988],[174.8673,-37.0862],[174.8768,-37.0814],[174.8801,-37.0729],[174.8778,-37.0691],[174.8813,-37.0716],[174.8851,-37.0674],[174.8873,-37.0692],[174.8969,-37.061],[174.8963,-37.0702],[174.9008,-37.0705],[174.9014,-37.0738],[174.897,-37.0856],[174.9095,-37.0864],[174.9124,-37.0977],[174.9076,-37.1007],[174.9004,-37.115],[174.8949,-37.1147],[174.9016,-37.1163],[174.9089,-37.1023],[174.9141,-37.1034],[174.9171,-37.1],[174.9174,-37.0943],[174.921,-37.1],[174.9177,-37.1042],[174.9208,-37.109],[174.918,-37.1125],[174.921,-37.1094],[174.9212,-37.1016],[174.9244,-37.1005],[174.9291,-37.1018],[174.9359,-37.1191],[174.9395,-37.117],[174.954,-37.1012],[174.9575,-37.0784],[174.9745,-37.0771],[174.9912,-37.0663],[174.9867,-37.0502],[174.9813,-37.0522],[174.9728,-37.0474],[174.9564,-37.0508],[174.9348,-37.0074],[174.9243,-36.999],[174.9306,-37.0005],[174.9372,-36.9974],[174.9363,-37.0003],[174.9435,-37.0015],[174.9409,-36.9963],[174.9535,-36.9999],[174.9526,-36.9912],[174.9501,-36.9904],[174.952,-36.9856],[174.9684,-36.9829],[174.9627,-36.9766],[174.9569,-36.9759],[174.9585,-36.9732],[174.946,-36.9704],[174.9439,-36.9636],[174.9381,-36.9632],[174.9394,-36.9571],[174.9301,-36.9534],[174.9291,-36.9482],[174.9253,-36.947],[174.9327,-36.9213],[174.9407,-36.915],[174.9353,-36.9239],[174.9376,-36.9263],[174.9394,-36.9183],[174.9428,-36.9207],[174.9424,-36.9176],[174.9481,-36.9154],[174.9486,-36.9209],[174.9512,-36.913],[174.9594,-36.9138],[174.9617,-36.9224],[174.958,-36.9294],[174.9606,-36.9285],[174.9602,-36.9339],[174.9616,-36.927],[174.9668,-36.9257],[174.9647,-36.9352],[174.9674,-36.9349],[174.9635,-36.9451],[174.9697,-36.9488],[174.965,-36.9433],[174.9695,-36.9379],[174.9725,-36.9406],[174.9711,-36.936],[174.9753,-36.9352],[174.963,-36.9179],[174.9632,-36.9136],[174.9692,-36.9147],[174.9688,-36.9114],[174.9756,-36.9076],[174.9793,-36.9107],[174.9906,-36.9101],[174.9941,-36.9137],[174.9925,-36.9267],[174.9925,-36.9233],[174.9981,-36.924],[175.0004,-36.9168],[175.007,-36.9134],[175.0052,-36.9068],[175.0118,-36.9002],[175.0199,-36.9019],[175.0214,-36.8967],[175.032,-36.8987],[175.0343,-36.891],[175.0423,-36.8936]]],[[[174.8947,-37.16],[174.8877,-37.1627],[174.8916,-37.1668],[174.8833,-37.178],[174.887,-37.1816],[174.8864,-37.1879],[174.8919,-37.1888],[174.8881,-37.1894],[174.8881,-37.1949],[174.8766,-37.2011],[174.8872,-37.2123],[174.885,-37.214],[174.8891,-37.2174],[174.8869,-37.2191],[174.8917,-37.2209],[174.8894,-37.2254],[174.8941,-37.2319],[174.9165,-37.2308],[174.9193,-37.2366],[174.9257,-37.2304],[174.9308,-37.2331],[174.932,-37.219],[174.9365,-37.2146],[174.9299,-37.2062],[174.9385,-37.2024],[174.9378,-37.1997],[174.9486,-37.198],[174.9442,-37.1796],[174.9406,-37.1759],[174.9279,-37.1789],[174.9111,-37.1781],[174.9066,-37.1657],[174.9004,-37.1635],[174.8948,-37.1665],[174.8947,-37.16]]],[[[175.0268,-37.2268],[175.0168,-37.2307],[175.0116,-37.2271],[175.0079,-37.233],[175.0076,-37.2451],[175.0021,-37.2495],[175.0099,-37.2601],[175.0172,-37.2637],[175.0183,-37.2693],[175.0233,-37.2657],[175.0249,-37.2587],[175.0329,-37.2564],[175.0344,-37.2447],[175.0411,-37.2429],[175.0386,-37.2369],[175.0344,-37.235],[175.0325,-37.2266],[175.0268,-37.2268]]],[[[174.9692,-37.2611],[174.9625,-37.2614],[174.9612,-37.2575],[174.9663,-37.2525],[174.9665,-37.2446],[174.9588,-37.2499],[174.9463,-37.2507],[174.9406,-37.2474],[174.9419,-37.252],[174.9301,-37.2557],[174.9374,-37.2582],[174.9328,-37.2624],[174.938,-37.2656],[174.9396,-37.2755],[174.9431,-37.2757],[174.9373,-37.2824],[174.9291,-37.285],[174.9343,-37.2896],[174.943,-37.2851],[174.9475,-37.279],[174.9503,-37.2805],[174.954,-37.2759],[174.9523,-37.2743],[174.9698,-37.266],[174.9692,-37.2611]]],[[[174.8171,-37.1995],[174.8273,-37.1919],[174.8396,-37.1904],[174.8351,-37.1803],[174.8294,-37.1839],[174.8216,-37.1816],[174.8223,-37.1925],[174.8171,-37.1995]]],[[[174.4657,-36.9532],[174.4675,-36.9539],[174.4652,-36.9549],[174.4657,-36.9532]]],[[[174.9938,-36.9185],[174.9969,-36.9224],[174.9927,-36.9207],[174.9938,-36.9185]]],[[[174.4395,-36.89],[174.4394,-36.8918],[174.4388,-36.8909],[174.4395,-36.89]]],[[[174.437,-36.8863],[174.4374,-36.8868],[174.4368,-36.8871],[174.437,-36.8863]]],[[[174.3929,-36.6357],[174.3918,-36.6364],[174.392,-36.6359],[174.3929,-36.6357]]],[[[174.4147,-36.6394],[174.4171,-36.6348],[174.4183,-36.6372],[174.4147,-36.6394]]],[[[174.3946,-36.6339],[174.3935,-36.634],[174.3934,-36.6326],[174.3946,-36.6339]]],[[[174.3537,-36.6168],[174.3543,-36.6175],[174.3525,-36.6189],[174.3537,-36.6168]]],[[[174.3686,-36.6146],[174.3692,-36.6195],[174.3668,-36.6169],[174.3686,-36.6146]]],[[[174.362,-36.6042],[174.3654,-36.6053],[174.3633,-36.6088],[174.3655,-36.6131],[174.3609,-36.612],[174.3581,-36.6153],[174.362,-36.6042]]],[[[174.4005,-36.566],[174.402,-36.5763],[174.3964,-36.5686],[174.4005,-36.566]]],[[[174.4442,-36.4337],[174.4425,-36.4387],[174.4491,-36.4383],[174.4718,-36.4269],[174.4717,-36.46],[174.4917,-36.4618],[174.4999,-36.4744],[174.5073,-36.4642],[174.5322,-36.4537],[174.5345,-36.4589],[174.5435,-36.4568],[174.5489,-36.4644],[174.5796,-36.4651],[174.5831,-36.4684],[174.5887,-36.4641],[174.5882,-36.4561],[174.6153,-36.4555],[174.6164,-36.4512],[174.6256,-36.4533],[174.6227,-36.4475],[174.6352,-36.4417],[174.6292,-36.4329],[174.6347,-36.4302],[174.6717,-36.4411],[174.6768,-36.4475],[174.6946,-36.4458],[174.6998,-36.45],[174.7103,-36.4516],[174.7046,-36.4579],[174.6996,-36.4572],[174.7017,-36.4607],[174.6953,-36.4647],[174.6869,-36.4644],[174.6934,-36.4659],[174.6916,-36.4687],[174.6979,-36.4667],[174.6994,-36.4705],[174.7118,-36.4625],[174.7162,-36.4638],[174.7144,-36.4667],[174.7185,-36.4721],[174.7122,-36.4697],[174.707,-36.473],[174.7124,-36.4744],[174.7135,-36.4799],[174.7172,-36.4799],[174.7143,-36.4874],[174.7097,-36.4762],[174.7038,-36.4739],[174.6952,-36.4735],[174.691,-36.4798],[174.6767,-36.485],[174.6798,-36.4851],[174.6788,-36.4869],[174.6846,-36.4851],[174.6834,-36.4834],[174.6913,-36.4838],[174.6938,-36.4914],[174.6974,-36.4821],[174.7019,-36.4873],[174.7078,-36.4857],[174.7082,-36.4913],[174.7016,-36.4947],[174.7063,-36.4974],[174.7123,-36.4932],[174.7185,-36.4957],[174.7154,-36.4996],[174.7223,-36.506],[174.7237,-36.5137],[174.7299,-36.516],[174.7213,-36.5179],[174.7208,-36.5267],[174.7143,-36.526],[174.7132,-36.5344],[174.7167,-36.5418],[174.7086,-36.5427],[174.7081,-36.5626],[174.6966,-36.5613],[174.6951,-36.5657],[174.6872,-36.564],[174.6841,-36.5757],[174.67,-36.5722],[174.6652,-36.584],[174.6618,-36.5826],[174.6617,-36.5872],[174.6592,-36.5873],[174.659,-36.5915],[174.6635,-36.5911],[174.6625,-36.5983],[174.6528,-36.5987],[174.6506,-36.5941],[174.6367,-36.6007],[174.6328,-36.6083],[174.6359,-36.6169],[174.6458,-36.6145],[174.6506,-36.6213],[174.6629,-36.6176],[174.6628,-36.6352],[174.6687,-36.6375],[174.6712,-36.6294],[174.6815,-36.6292],[174.6925,-36.618],[174.6967,-36.6166],[174.6949,-36.6212],[174.6997,-36.6158],[174.6998,-36.6189],[174.7092,-36.6178],[174.7048,-36.6185],[174.6964,-36.6331],[174.702,-36.6255],[174.7106,-36.6231],[174.7132,-36.6305],[174.7159,-36.6306],[174.7113,-36.6373],[174.7173,-36.6337],[174.7169,-36.6381],[174.724,-36.6392],[174.7221,-36.6438],[174.7277,-36.6427],[174.7254,-36.6493],[174.7277,-36.6493],[174.7276,-36.6575],[174.7318,-36.662],[174.7231,-36.6698],[174.7223,-36.6674],[174.7158,-36.6693],[174.7187,-36.6694],[174.7138,-36.6738],[174.7092,-36.6736],[174.6994,-36.665],[174.7029,-36.6685],[174.7006,-36.6705],[174.7042,-36.6689],[174.7078,-36.6728],[174.7062,-36.6741],[174.7139,-36.6753],[174.7362,-36.6614],[174.7442,-36.6608],[174.7487,-36.6646],[174.7462,-36.6672],[174.7485,-36.6786],[174.7456,-36.6805],[174.7485,-36.6806],[174.7528,-36.689],[174.75,-36.6911],[174.7421,-36.6849],[174.7451,-36.6773],[174.738,-36.6773],[174.733,-36.6806],[174.7338,-36.6869],[174.7186,-36.6906],[174.7168,-36.697],[174.7209,-36.7024],[174.7179,-36.7046],[174.7054,-36.7111],[174.6968,-36.7121],[174.6895,-36.7086],[174.6771,-36.7109],[174.6741,-36.7142],[174.6892,-36.729],[174.6607,-36.7702],[174.6484,-36.7653],[174.648,-36.768],[174.6343,-36.7722],[174.6345,-36.7602],[174.6392,-36.7599],[174.6349,-36.7579],[174.6356,-36.7527],[174.6388,-36.7521],[174.6352,-36.7525],[174.6296,-36.7606],[174.6318,-36.7606],[174.6323,-36.7701],[174.6201,-36.7697],[174.6141,-36.7727],[174.6136,-36.7692],[174.61,-36.7711],[174.6024,-36.766],[174.6024,-36.763],[174.6058,-36.7625],[174.5998,-36.7603],[174.6009,-36.7561],[174.5967,-36.7539],[174.5968,-36.7501],[174.593,-36.7481],[174.5879,-36.7547],[174.5801,-36.7533],[174.579,-36.7569],[174.5884,-36.76],[174.5872,-36.7684],[174.6004,-36.7677],[174.6062,-36.7729],[174.5963,-36.7832],[174.5985,-36.7845],[174.5918,-36.7882],[174.5915,-36.7941],[174.5863,-36.8003],[174.5855,-36.8072],[174.5899,-36.8161],[174.578,-36.8224],[174.5748,-36.8314],[174.5828,-36.8377],[174.597,-36.8366],[174.5937,-36.8436],[174.6049,-36.8464],[174.602,-36.8505],[174.606,-36.8557],[174.6046,-36.858],[174.6015,-36.854],[174.5903,-36.8538],[174.5918,-36.8584],[174.5956,-36.8573],[174.5918,-36.8618],[174.5793,-36.8632],[174.5742,-36.8604],[174.57,-36.8647],[174.5762,-36.8707],[174.5834,-36.8694],[174.583,-36.8722],[174.5889,-36.8723],[174.5906,-36.876],[174.5971,-36.875],[174.6044,-36.8943],[174.6092,-36.8942],[174.6159,-36.9009],[174.6266,-36.9053],[174.6252,-36.9086],[174.6228,-36.9062],[174.6237,-36.9099],[174.6208,-36.9119],[174.6303,-36.9207],[174.6305,-36.9257],[174.6357,-36.9275],[174.6377,-36.9367],[174.6246,-36.9431],[174.6213,-36.9491],[174.6252,-36.9566],[174.6143,-36.9661],[174.6203,-36.9746],[174.616,-36.9825],[174.6179,-36.9884],[174.6039,-36.9931],[174.6038,-37.008],[174.612,-37.02],[174.6051,-37.022],[174.6007,-37.0175],[174.593,-37.0002],[174.5934,-37.0093],[174.5843,-37.0072],[174.5735,-37.0108],[174.5725,-37.0014],[174.5667,-36.9989],[174.5572,-37.0216],[174.5248,-37.0337],[174.5104,-37.0442],[174.5107,-37.0487],[174.5065,-37.047],[174.5034,-37.0509],[174.4912,-37.0528],[174.483,-37.048],[174.4767,-37.0307],[174.4786,-37.0214],[174.4761,-37.0214],[174.4745,-36.9915],[174.4735,-36.9869],[174.4683,-36.9856],[174.4711,-36.9759],[174.4664,-36.9764],[174.4621,-36.9634],[174.4683,-36.9573],[174.4684,-36.9461],[174.4663,-36.9436],[174.4652,-36.9458],[174.4597,-36.9349],[174.4542,-36.935],[174.4557,-36.9293],[174.4507,-36.928],[174.4536,-36.9274],[174.4521,-36.9244],[174.4566,-36.9181],[174.453,-36.9198],[174.4527,-36.9165],[174.4473,-36.9164],[174.4436,-36.9119],[174.4494,-36.9093],[174.4464,-36.9072],[174.4492,-36.9042],[174.4462,-36.9039],[174.4493,-36.9013],[174.443,-36.8922],[174.4478,-36.8903],[174.4343,-36.8906],[174.4385,-36.8831],[174.4301,-36.8789],[174.4354,-36.8667],[174.4336,-36.8585],[174.4282,-36.8553],[174.4322,-36.8468],[174.4287,-36.8417],[174.4356,-36.8383],[174.4347,-36.8304],[174.4437,-36.8211],[174.4374,-36.8182],[174.4391,-36.822],[174.4336,-36.8235],[174.4245,-36.8109],[174.4135,-36.8073],[174.3209,-36.6734],[174.2557,-36.5914],[174.2802,-36.5773],[174.2926,-36.5775],[174.2958,-36.5825],[174.2995,-36.5759],[174.3043,-36.5777],[174.3072,-36.575],[174.3103,-36.5787],[174.317,-36.575],[174.3186,-36.5771],[174.3404,-36.5618],[174.3383,-36.5579],[174.3416,-36.5572],[174.3403,-36.5546],[174.3489,-36.5511],[174.3594,-36.5538],[174.3763,-36.5633],[174.3797,-36.5716],[174.3648,-36.5825],[174.344,-36.5836],[174.3474,-36.5887],[174.3484,-36.5843],[174.3612,-36.5838],[174.3608,-36.5911],[174.3635,-36.5919],[174.3527,-36.597],[174.3561,-36.6009],[174.348,-36.5986],[174.3424,-36.6002],[174.3445,-36.6033],[174.3393,-36.6054],[174.36,-36.5994],[174.3588,-36.6075],[174.3499,-36.6175],[174.3519,-36.6248],[174.3646,-36.6207],[174.3641,-36.6278],[174.3732,-36.6298],[174.3786,-36.627],[174.3668,-36.6113],[174.3737,-36.6081],[174.368,-36.6078],[174.3658,-36.6009],[174.3708,-36.5983],[174.3715,-36.5914],[174.3776,-36.5913],[174.3753,-36.6042],[174.3803,-36.6099],[174.3748,-36.6123],[174.3838,-36.6127],[174.381,-36.616],[174.3859,-36.6177],[174.3785,-36.6229],[174.3889,-36.6219],[174.3864,-36.6201],[174.3894,-36.617],[174.3985,-36.62],[174.4025,-36.6307],[174.392,-36.6309],[174.3916,-36.6349],[174.3831,-36.6323],[174.3858,-36.6338],[174.3816,-36.635],[174.388,-36.6339],[174.3869,-36.6359],[174.3911,-36.6362],[174.3876,-36.6377],[174.3913,-36.6377],[174.3884,-36.6391],[174.3903,-36.6402],[174.3964,-36.633],[174.4021,-36.6323],[174.3965,-36.6345],[174.3938,-36.6398],[174.3977,-36.6345],[174.3978,-36.6411],[174.4032,-36.6294],[174.4135,-36.6314],[174.4154,-36.6372],[174.4073,-36.6388],[174.4061,-36.6444],[174.416,-36.6406],[174.4117,-36.6507],[174.4159,-36.6452],[174.4177,-36.6508],[174.4238,-36.643],[174.4214,-36.641],[174.4259,-36.6426],[174.4256,-36.6388],[174.4046,-36.6253],[174.4185,-36.6191],[174.4343,-36.6406],[174.4412,-36.6452],[174.4432,-36.6525],[174.4297,-36.6523],[174.4304,-36.6581],[174.427,-36.6554],[174.427,-36.6603],[174.4372,-36.6652],[174.4401,-36.6614],[174.4469,-36.661],[174.4486,-36.6636],[174.4401,-36.6689],[174.4422,-36.6713],[174.4488,-36.6697],[174.4484,-36.6779],[174.4421,-36.6736],[174.4404,-36.6802],[174.4487,-36.6833],[174.4455,-36.6852],[174.4497,-36.6845],[174.45,-36.6882],[174.4578,-36.6835],[174.4604,-36.6887],[174.4727,-36.6869],[174.4699,-36.6831],[174.4739,-36.6816],[174.4641,-36.6783],[174.4551,-36.6662],[174.463,-36.66],[174.4499,-36.6635],[174.4472,-36.6601],[174.4414,-36.6601],[174.4489,-36.6556],[174.4425,-36.6496],[174.4439,-36.6446],[174.4353,-36.6396],[174.4363,-36.6333],[174.433,-36.6305],[174.4361,-36.6267],[174.4328,-36.6275],[174.4284,-36.6233],[174.436,-36.622],[174.4402,-36.6079],[174.4379,-36.6054],[174.4445,-36.5947],[174.4403,-36.5921],[174.4355,-36.5941],[174.4374,-36.5876],[174.4091,-36.5841],[174.4139,-36.577],[174.4321,-36.5778],[174.4259,-36.5776],[174.4182,-36.5696],[174.4244,-36.5593],[174.4371,-36.56],[174.4429,-36.5569],[174.4443,-36.5596],[174.4445,-36.5544],[174.4475,-36.5536],[174.4401,-36.5529],[174.4372,-36.5481],[174.4394,-36.5465],[174.4308,-36.5414],[174.4318,-36.5388],[174.4229,-36.5356],[174.4222,-36.5287],[174.4321,-36.5284],[174.4241,-36.5281],[174.4273,-36.5224],[174.4271,-36.5125],[174.4313,-36.511],[174.4276,-36.5042],[174.4243,-36.5039],[174.4247,-36.4943],[174.4212,-36.4956],[174.414,-36.4922],[174.4068,-36.4775],[174.4136,-36.4644],[174.4106,-36.4629],[174.4124,-36.4562],[174.4095,-36.4544],[174.4129,-36.447],[174.4185,-36.4446],[174.4163,-36.4406],[174.4249,-36.4379],[174.4415,-36.4235],[174.447,-36.4268],[174.4442,-36.4337]]],[[[174.5299,-36.7535],[174.5271,-36.7685],[174.5342,-36.7706],[174.5325,-36.7747],[174.5373,-36.775],[174.5382,-36.7856],[174.5503,-36.7806],[174.5504,-36.7859],[174.5605,-36.7831],[174.5599,-36.7785],[174.5642,-36.7776],[174.565,-36.7735],[174.5604,-36.7765],[174.5541,-36.7701],[174.5492,-36.7704],[174.5557,-36.7673],[174.5515,-36.761],[174.5474,-36.7629],[174.5446,-36.7553],[174.5334,-36.7535],[174.5328,-36.7488],[174.5299,-36.7535]]],[[[174.4888,-36.7773],[174.4923,-36.7772],[174.4917,-36.7742],[174.5021,-36.7731],[174.4915,-36.7618],[174.49,-36.7694],[174.4823,-36.7695],[174.4846,-36.7773],[174.4888,-36.7773]]]]}},{"type":"Feature","properties":{"area_code":"5","area_name":"Hamilton","fua_code":"1002","fua_name":"Hamilton"},"geometry":{"type":"Polygon","coordinates":[[[175.2278,-37.7229],[175.2278,-37.7198],[175.2345,-37.7165],[175.252,-37.7173],[175.2576,-37.7105],[175.2763,-37.7138],[175.2782,-37.7195],[175.2899,-37.7218],[175.2874,-37.7328],[175.2934,-37.7482],[175.3067,-37.7451],[175.3159,-37.7594],[175.3305,-37.7702],[175.3364,-37.785],[175.3449,-37.7929],[175.3335,-37.7973],[175.3281,-37.8151],[175.3234,-37.8109],[175.33,-37.8241],[175.3145,-37.8361],[175.3081,-37.8459],[175.2968,-37.8278],[175.2897,-37.8318],[175.2795,-37.824],[175.2719,-37.8243],[175.2712,-37.8203],[175.2681,-37.822],[175.2659,-37.809],[175.246,-37.8042],[175.2268,-37.8175],[175.2334,-37.8193],[175.2273,-37.8246],[175.2256,-37.8322],[175.2118,-37.8324],[175.2113,-37.8144],[175.2183,-37.8144],[175.2283,-37.807],[175.2331,-37.7973],[175.2281,-37.7967],[175.2295,-37.7872],[175.2185,-37.7825],[175.2182,-37.7672],[175.2138,-37.7659],[175.206,-37.7694],[175.2021,-37.7644],[175.2096,-37.7625],[175.2066,-37.7572],[175.1981,-37.751],[175.1908,-37.7502],[175.191,-37.7458],[175.1843,-37.743],[175.2056,-37.7406],[175.2098,-37.7328],[175.2073,-37.7086],[175.2111,-37.6993],[175.216,-37.7027],[175.219,-37.7136],[175.2278,-37.7229]],[[175.2719,-37.7929],[175.2703,-37.7988],[175.2796,-37.8038],[175.2789,-37.7982],[175.2744,-37.7968],[175.2758,-37.7935],[175.2719,-37.7929]]]}},{"type":"Feature","properties":{"area_code":"6","area_name":"Hamilton","fua_code":"1002","fua_name":"Hamilton"},"geometry":{"type":"Polygon","coordinates":[[[175.1621,-37.6587],[175.1696,-37.6644],[175.1552,-37.6696],[175.1658,-37.6779],[175.1782,-37.6819],[175.1832,-37.6876],[175.1793,-37.6909],[175.1709,-37.6847],[175.1669,-37.6878],[175.1582,-37.6831],[175.1569,-37.6881],[175.1496,-37.6856],[175.1479,-37.6926],[175.1352,-37.6937],[175.1359,-37.6834],[175.126,-37.6785],[175.1332,-37.6673],[175.1334,-37.6584],[175.1427,-37.6592],[175.1494,-37.6452],[175.159,-37.651],[175.156,-37.654],[175.1621,-37.6587]]]}},{"type":"Feature","properties":{"area_code":"7","area_name":"Hamilton","fua_code":"1002","fua_name":"Hamilton"},"geometry":{"type":"Polygon","coordinates":[[[175.1049,-37.5446],[175.1166,-37.5461],[175.1245,-37.5527],[175.131,-37.5509],[175.1365,-37.5547],[175.1456,-37.5522],[175.1496,-37.5547],[175.144,-37.5555],[175.1424,-37.561],[175.1476,-37.5682],[175.1415,-37.5765],[175.1555,-37.5776],[175.1582,-37.5969],[175.1815,-37.6089],[175.1883,-37.6103],[175.1933,-37.6061],[175.1956,-37.6103],[175.2069,-37.6126],[175.222,-37.6111],[175.2278,-37.6123],[175.2338,-37.6187],[175.2619,-37.6238],[175.2805,-37.6109],[175.2827,-37.6024],[175.2757,-37.5949],[175.2836,-37.5851],[175.3164,-37.6168],[175.3401,-37.6484],[175.3483,-37.6458],[175.3415,-37.6703],[175.36,-37.6699],[175.3946,-37.6788],[175.4384,-37.696],[175.4461,-37.6897],[175.457,-37.7258],[175.4711,-37.7354],[175.4886,-37.739],[175.4945,-37.7465],[175.4986,-37.7427],[175.5051,-37.7437],[175.5123,-37.7327],[175.5275,-37.7643],[175.544,-37.769],[175.5442,-37.7717],[175.5437,-37.783],[175.5394,-37.7844],[175.5412,-37.7871],[175.5164,-37.7955],[175.5071,-37.7947],[175.5047,-37.8028],[175.4996,-37.8071],[175.4923,-37.8102],[175.4824,-37.8093],[175.4877,-37.8167],[175.4809,-37.8273],[175.476,-37.8271],[175.474,-37.8313],[175.4666,-37.829],[175.4604,-37.8213],[175.4538,-37.8212],[175.4537,-37.8248],[175.4464,-37.8248],[175.4464,-37.8308],[175.4338,-37.8316],[175.4337,-37.8354],[175.4258,-37.8353],[175.4256,-37.8397],[175.4207,-37.838],[175.4209,-37.8454],[175.4247,-37.8454],[175.4243,-37.8748],[175.4093,-37.8748],[175.403,-37.8846],[175.4084,-37.8894],[175.4015,-37.8928],[175.4052,-37.9],[175.3996,-37.9172],[175.3935,-37.9145],[175.3849,-37.9392],[175.3624,-37.936],[175.3612,-37.9395],[175.3479,-37.9365],[175.3479,-37.9443],[175.3502,-37.9445],[175.3415,-37.9757],[175.3083,-37.9804],[175.3039,-37.9597],[175.2959,-37.9602],[175.2937,-37.9504],[175.2776,-37.9426],[175.2709,-37.9614],[175.2783,-37.97],[175.2671,-37.9767],[175.2627,-37.9714],[175.2528,-37.9726],[175.2542,-37.9709],[175.2484,-37.9691],[175.2447,-37.9688],[175.2407,-37.9753],[175.236,-37.9706],[175.2274,-37.9763],[175.2236,-37.9716],[175.2263,-37.9768],[175.2183,-37.9784],[175.2175,-37.9847],[175.2153,-37.9828],[175.2083,-37.9859],[175.2031,-37.9824],[175.2045,-37.984],[175.1956,-37.988],[175.1948,-37.9988],[175.2025,-38.0001],[175.2023,-38.0053],[175.2141,-38.0064],[175.2139,-38.0106],[175.2109,-38.0105],[175.2016,-38.021],[175.2059,-38.0379],[175.1944,-38.0429],[175.1837,-38.0383],[175.168,-38.0495],[175.1635,-38.0476],[175.1472,-38.0527],[175.1351,-38.0506],[175.1199,-38.0576],[175.1085,-38.0529],[175.1081,-38.0501],[175.1053,-38.0518],[175.0984,-38.0377],[175.1119,-38.0372],[175.1118,-38.0195],[175.1312,-38.0308],[175.1312,-38.0136],[175.1043,-38.004],[175.1202,-37.9943],[175.1018,-37.9783],[175.056,-37.9048],[175.0456,-37.9026],[175.0382,-37.8918],[175.0342,-37.8917],[175.0314,-37.8864],[175.0286,-37.8879],[175.033,-37.863],[175.0287,-37.8579],[175.0335,-37.8494],[175.0313,-37.8415],[175.0265,-37.8421],[175.028,-37.8381],[175.0233,-37.8341],[175.0178,-37.8366],[175.0152,-37.8329],[175.0045,-37.8338],[174.9989,-37.8287],[174.9918,-37.8303],[174.9915,-37.8276],[174.9765,-37.8197],[174.974,-37.7963],[174.9677,-37.794],[174.9694,-37.788],[174.958,-37.7822],[174.9509,-37.7793],[174.936,-37.7838],[174.9333,-37.7857],[174.9328,-37.7938],[174.9273,-37.7959],[174.9247,-37.7935],[174.9275,-37.7887],[174.9261,-37.7857],[174.921,-37.7843],[174.9167,-37.7885],[174.9128,-37.7862],[174.9112,-37.7802],[174.918,-37.7787],[174.9275,-37.7707],[174.9317,-37.777],[174.9509,-37.778],[174.9607,-37.7732],[174.9675,-37.7735],[174.9593,-37.7659],[174.9521,-37.7659],[174.9524,-37.7591],[174.9558,-37.7579],[174.952,-37.7568],[174.951,-37.7518],[174.9586,-37.7526],[174.9556,-37.7493],[174.9571,-37.7464],[174.9539,-37.7471],[174.9537,-37.7447],[174.9516,-37.7478],[174.9531,-37.7423],[174.958,-37.7435],[174.953,-37.7246],[174.9501,-37.7255],[174.953,-37.7301],[174.9491,-37.7346],[174.9529,-37.7335],[174.9544,-37.7396],[174.9514,-37.7442],[174.9454,-37.7423],[174.9531,-37.7503],[174.9471,-37.7475],[174.9453,-37.753],[174.9389,-37.7525],[174.94,-37.7393],[174.9335,-37.7324],[174.9362,-37.7424],[174.9314,-37.7532],[174.9275,-37.7548],[174.9236,-37.7291],[174.9241,-37.7042],[174.9059,-37.6595],[174.9202,-37.6579],[174.9245,-37.654],[174.9338,-37.6563],[174.943,-37.6534],[174.9548,-37.6532],[174.9591,-37.656],[174.967,-37.6541],[174.9701,-37.6801],[174.993,-37.6975],[175.002,-37.688],[175.0036,-37.6746],[175.0145,-37.6612],[175.0173,-37.6502],[175.0263,-37.6429],[175.0214,-37.6242],[175.0145,-37.629],[175.0102,-37.6174],[175.0053,-37.6186],[175.0003,-37.6046],[174.9915,-37.6046],[174.9912,-37.5882],[175.0243,-37.5732],[175.0182,-37.5667],[175.0464,-37.5518],[175.0515,-37.56],[175.0638,-37.5692],[175.087,-37.5517],[175.1019,-37.5434],[175.1049,-37.5446]],[[175.1434,-37.6579],[175.1334,-37.6584],[175.1332,-37.6673],[175.126,-37.6785],[175.1359,-37.6834],[175.1352,-37.6937],[175.1479,-37.6926],[175.1496,-37.6856],[175.1569,-37.6881],[175.1582,-37.6831],[175.1669,-37.6878],[175.1709,-37.6847],[175.1793,-37.6909],[175.1832,-37.6876],[175.1782,-37.6819],[175.1658,-37.6779],[175.1552,-37.6696],[175.1696,-37.6644],[175.156,-37.654],[175.159,-37.651],[175.1494,-37.6452],[175.1434,-37.6579]],[[175.2101,-37.7018],[175.2073,-37.7086],[175.2098,-37.7328],[175.2056,-37.7406],[175.1843,-37.743],[175.191,-37.7458],[175.1908,-37.7502],[175.1981,-37.751],[175.2066,-37.7572],[175.2096,-37.7625],[175.2021,-37.7644],[175.206,-37.7694],[175.2138,-37.7659],[175.2182,-37.7672],[175.2185,-37.7825],[175.2295,-37.7872],[175.2281,-37.7967],[175.2331,-37.7973],[175.2283,-37.807],[175.2183,-37.8144],[175.2113,-37.8144],[175.2118,-37.8324],[175.2256,-37.8322],[175.2273,-37.8246],[175.2334,-37.8193],[175.2268,-37.8175],[175.246,-37.8042],[175.2659,-37.809],[175.2681,-37.822],[175.2712,-37.8203],[175.2719,-37.8243],[175.2795,-37.824],[175.2897,-37.8318],[175.2968,-37.8278],[175.3081,-37.8459],[175.3145,-37.8361],[175.33,-37.8241],[175.3234,-37.8109],[175.3281,-37.8151],[175.3335,-37.7973],[175.3449,-37.7929],[175.3364,-37.785],[175.3305,-37.7702],[175.3159,-37.7594],[175.3067,-37.7451],[175.2934,-37.7482],[175.2874,-37.7328],[175.2899,-37.7218],[175.2782,-37.7195],[175.2763,-37.7138],[175.2576,-37.7105],[175.252,-37.7173],[175.2345,-37.7165],[175.2278,-37.7198],[175.2279,-37.7229],[175.219,-37.7136],[175.2159,-37.7025],[175.2111,-37.6993],[175.2101,-37.7018]]]}},{"type":"Feature","properties":{"area_code":"8","area_name":"Tauranga","fua_code":"1003","fua_name":"Tauranga"},"geometry":{"type":"MultiPolygon","coordinates":[[[[176.1735,-37.6251],[176.1776,-37.6313],[176.1868,-37.6348],[176.2083,-37.6537],[176.2502,-37.6801],[176.2912,-37.6982],[176.3484,-37.7177],[176.4149,-37.7475],[176.4133,-37.7511],[176.4023,-37.7525],[176.3758,-37.7456],[176.3667,-37.747],[176.346,-37.7339],[176.3053,-37.7188],[176.2845,-37.7166],[176.2859,-37.7241],[176.2788,-37.7246],[176.2655,-37.7169],[176.25,-37.7208],[176.2372,-37.7163],[176.2172,-37.719],[176.2096,-37.7261],[176.2126,-37.7322],[176.2026,-37.7401],[176.2048,-37.744],[176.1945,-37.7434],[176.1923,-37.7492],[176.1748,-37.7509],[176.1762,-37.7544],[176.1701,-37.7582],[176.1588,-37.7601],[176.1542,-37.7529],[176.1454,-37.7507],[176.1414,-37.7573],[176.1188,-37.7544],[176.1147,-37.7616],[176.1171,-37.782],[176.0993,-37.7838],[176.099,-37.7737],[176.0962,-37.7729],[176.0944,-37.7638],[176.0864,-37.7697],[176.0788,-37.767],[176.0748,-37.771],[176.07,-37.7661],[176.0726,-37.7498],[176.0943,-37.7285],[176.1024,-37.7113],[176.0992,-37.7006],[176.0914,-37.6934],[176.0943,-37.6867],[176.1127,-37.6783],[176.1216,-37.6831],[176.1223,-37.6772],[176.1288,-37.6725],[176.1139,-37.6715],[176.1245,-37.6598],[176.152,-37.665],[176.1641,-37.6712],[176.1648,-37.6591],[176.1747,-37.6583],[176.1717,-37.6743],[176.1781,-37.6743],[176.1761,-37.671],[176.18,-37.6695],[176.183,-37.6497],[176.1815,-37.6399],[176.1759,-37.6338],[176.1686,-37.6359],[176.1662,-37.6291],[176.1735,-37.6251]]],[[[176.1803,-37.6689],[176.1789,-37.6743],[176.1706,-37.6763],[176.1709,-37.6871],[176.1785,-37.6891],[176.1707,-37.6872],[176.1663,-37.6956],[176.167,-37.7221],[176.1895,-37.707],[176.1875,-37.7107],[176.1916,-37.7171],[176.1839,-37.7164],[176.1795,-37.7233],[176.175,-37.7244],[176.1822,-37.7235],[176.1843,-37.726],[176.1972,-37.7208],[176.2002,-37.7232],[176.2021,-37.7134],[176.212,-37.7119],[176.2135,-37.7152],[176.2218,-37.7113],[176.226,-37.715],[176.2291,-37.7116],[176.2308,-37.7142],[176.2355,-37.7117],[176.2262,-37.704],[176.2324,-37.7039],[176.2372,-37.6964],[176.2194,-37.6921],[176.2149,-37.6863],[176.2077,-37.6913],[176.208,-37.6948],[176.2127,-37.6958],[176.1896,-37.7069],[176.1817,-37.6901],[176.1787,-37.6891],[176.1862,-37.6861],[176.1849,-37.6881],[176.1986,-37.6937],[176.205,-37.6876],[176.2044,-37.6784],[176.2011,-37.6763],[176.1944,-37.681],[176.1803,-37.6689]]],[[[176.1597,-37.7263],[176.1658,-37.7218],[176.1634,-37.7104],[176.1551,-37.7151],[176.1519,-37.7138],[176.1513,-37.7238],[176.146,-37.7262],[176.1561,-37.7257],[176.1559,-37.7283],[176.161,-37.7288],[176.1597,-37.7263]]],[[[176.1527,-37.6961],[176.1612,-37.6876],[176.1653,-37.6759],[176.1598,-37.671],[176.1565,-37.6787],[176.1436,-37.6825],[176.1527,-37.6961]]],[[[176.1609,-37.6711],[176.1625,-37.6724],[176.164,-37.6712],[176.1609,-37.6711]]],[[[176.17,-37.7106],[176.1687,-37.7119],[176.168,-37.7114],[176.17,-37.7106]]],[[[176.153,-37.6843],[176.1513,-37.6857],[176.1513,-37.6845],[176.153,-37.6843]]],[[[176.1944,-37.63],[176.1954,-37.6317],[176.1942,-37.6321],[176.1944,-37.63]]],[[[176.1842,-37.6324],[176.1844,-37.6306],[176.1858,-37.6292],[176.1842,-37.6324]]]]}},{"type":"Feature","properties":{"area_code":"9","area_name":"Tauranga","fua_code":"1003","fua_name":"Tauranga"},"geometry":{"type":"Polygon","coordinates":[[[176.0535,-37.6263],[176.0538,-37.6329],[176.0479,-37.6345],[176.0421,-37.6453],[176.0359,-37.6495],[176.0366,-37.6569],[176.0291,-37.6626],[176.0214,-37.6609],[176.0135,-37.6469],[176.0148,-37.6437],[176.0195,-37.6462],[176.0216,-37.639],[176.0367,-37.6382],[176.0468,-37.6284],[176.0535,-37.6263]]]}},{"type":"Feature","properties":{"area_code":"10","area_name":"Tauranga","fua_code":"1003","fua_name":"Tauranga"},"geometry":{"type":"Polygon","coordinates":[[[175.9515,-37.6211],[175.9597,-37.6341],[175.9654,-37.6303],[175.9715,-37.6313],[175.9692,-37.637],[175.9742,-37.6321],[175.972,-37.627],[175.975,-37.6239],[175.9824,-37.6305],[175.989,-37.6281],[175.9909,-37.641],[175.9866,-37.6465],[175.9976,-37.645],[175.998,-37.6337],[176.0162,-37.6244],[176.0156,-37.633],[176.0113,-37.6355],[176.0162,-37.6338],[176.0162,-37.6398],[176.0125,-37.6415],[176.0132,-37.6462],[176.0082,-37.6509],[176.0135,-37.6469],[176.0214,-37.6609],[176.0285,-37.6623],[176.0231,-37.6674],[176.0335,-37.661],[176.0354,-37.6632],[176.0398,-37.661],[176.0412,-37.6561],[176.0441,-37.6565],[176.0427,-37.6532],[176.0493,-37.6549],[176.0408,-37.6686],[176.0445,-37.671],[176.0503,-37.6692],[176.0464,-37.6758],[176.0331,-37.6834],[176.0535,-37.6796],[176.0534,-37.6745],[176.0499,-37.6719],[176.0563,-37.6706],[176.0489,-37.6596],[176.059,-37.6621],[176.0661,-37.6713],[176.0688,-37.6695],[176.0649,-37.6649],[176.0654,-37.6602],[176.06,-37.6591],[176.0638,-37.657],[176.0736,-37.6578],[176.0856,-37.664],[176.093,-37.6631],[176.0942,-37.6736],[176.1021,-37.6774],[176.0946,-37.6824],[176.0913,-37.6931],[176.0992,-37.7006],[176.1026,-37.7104],[176.0943,-37.7285],[176.0726,-37.7498],[176.07,-37.7661],[176.0756,-37.7712],[176.0786,-37.767],[176.0864,-37.7697],[176.0944,-37.7638],[176.0962,-37.7729],[176.099,-37.7737],[176.0993,-37.7838],[176.1171,-37.782],[176.1147,-37.7616],[176.1188,-37.7544],[176.1414,-37.7573],[176.1454,-37.7507],[176.1542,-37.7529],[176.1588,-37.7601],[176.1701,-37.7582],[176.1762,-37.7544],[176.1748,-37.7509],[176.1923,-37.7492],[176.1945,-37.7434],[176.2048,-37.744],[176.2026,-37.7401],[176.2126,-37.7322],[176.2096,-37.7261],[176.2172,-37.719],[176.2372,-37.7163],[176.25,-37.7208],[176.2655,-37.7169],[176.2788,-37.7246],[176.2859,-37.7241],[176.2845,-37.7166],[176.3073,-37.7192],[176.3539,-37.7377],[176.3544,-37.7489],[176.3495,-37.7537],[176.3034,-37.7511],[176.2867,-37.7532],[176.2843,-37.746],[176.2813,-37.7485],[176.272,-37.7466],[176.2654,-37.7524],[176.2746,-37.7601],[176.2676,-37.7663],[176.2625,-37.7641],[176.26,-37.7665],[176.2532,-37.794],[176.246,-37.8026],[176.25,-37.806],[176.2634,-37.8051],[176.2683,-37.7983],[176.2831,-37.7947],[176.2941,-37.7962],[176.2935,-37.8009],[176.297,-37.8033],[176.2951,-37.8119],[176.2887,-37.8199],[176.2833,-37.8203],[176.2839,-37.8288],[176.2653,-37.8347],[176.2661,-37.8443],[176.2804,-37.8426],[176.2856,-37.8388],[176.2899,-37.8289],[176.2935,-37.8333],[176.2854,-37.8505],[176.284,-37.861],[176.2706,-37.8677],[176.2706,-37.8799],[176.2571,-37.8862],[176.2531,-37.8941],[176.2328,-37.8936],[176.2169,-37.9039],[176.2017,-37.8995],[176.2038,-37.9107],[176.1961,-37.9153],[176.1802,-37.9597],[176.1544,-37.9617],[176.1451,-37.9586],[176.1301,-37.9611],[176.1169,-37.9692],[176.0983,-37.9619],[176.0623,-38.0268],[176.0132,-37.9935],[175.9705,-37.9855],[175.9718,-37.9712],[175.9659,-37.9657],[175.9601,-37.9678],[175.9529,-37.9623],[175.9409,-37.9299],[175.9469,-37.9227],[175.9772,-37.9137],[175.9542,-37.9019],[175.9718,-37.8828],[175.9609,-37.8894],[175.9478,-37.8788],[175.9363,-37.8814],[175.9365,-37.8701],[175.9399,-37.868],[175.9319,-37.8616],[175.9279,-37.8521],[175.9281,-37.8472],[175.935,-37.8426],[175.9059,-37.8286],[175.9127,-37.8118],[175.9549,-37.8054],[175.9619,-37.8008],[175.9753,-37.8029],[175.9846,-37.7969],[175.9919,-37.7991],[175.9926,-37.8026],[176.0042,-37.7894],[176.0145,-37.7863],[176.0217,-37.7577],[176.0163,-37.7481],[176.0109,-37.7456],[175.9857,-37.7583],[175.9668,-37.7537],[175.9633,-37.7599],[175.9397,-37.7646],[175.9254,-37.7726],[175.8952,-37.7242],[175.9002,-37.7184],[175.8957,-37.7167],[175.8968,-37.7118],[175.8899,-37.7092],[175.8897,-37.7011],[175.8795,-37.6993],[175.8746,-37.6924],[175.8709,-37.6775],[175.8648,-37.6722],[175.8652,-37.6681],[175.8521,-37.662],[175.8445,-37.6486],[175.8457,-37.6466],[175.8503,-37.6511],[175.8528,-37.6422],[175.8558,-37.6435],[175.8568,-37.6394],[175.8624,-37.6387],[175.8618,-37.6342],[175.8765,-37.6239],[175.8901,-37.6305],[175.881,-37.6373],[175.902,-37.6276],[175.904,-37.6341],[175.9098,-37.6379],[175.9225,-37.6387],[175.9241,-37.6412],[175.9201,-37.647],[175.9361,-37.6413],[175.939,-37.6436],[175.9359,-37.6513],[175.9428,-37.655],[175.9473,-37.6463],[175.9443,-37.6321],[175.9405,-37.6295],[175.9464,-37.6265],[175.9447,-37.6247],[175.9493,-37.6206],[175.949,-37.6147],[175.9515,-37.6211]]]}},{"type":"Feature","properties":{"area_code":"11","area_name":"Rotorua","fua_code":"2002","fua_name":"Rotorua"},"geometry":{"type":"Polygon","coordinates":[[[176.3208,-38.0989],[176.3308,-38.1018],[176.3202,-38.1175],[176.337,-38.1228],[176.3348,-38.1311],[176.3227,-38.1305],[176.3132,-38.1217],[176.3039,-38.1282],[176.3073,-38.1336],[176.3039,-38.1354],[176.3111,-38.1448],[176.3037,-38.1498],[176.2945,-38.1495],[176.3003,-38.1538],[176.3014,-38.1618],[176.2806,-38.1499],[176.2611,-38.1677],[176.2405,-38.1776],[176.2366,-38.1681],[176.2172,-38.1655],[176.22,-38.1618],[176.2181,-38.161],[176.2135,-38.1637],[176.2182,-38.1591],[176.2139,-38.1553],[176.2092,-38.1577],[176.2027,-38.1523],[176.1963,-38.1555],[176.1933,-38.1515],[176.2052,-38.1462],[176.192,-38.1322],[176.1927,-38.129],[176.1983,-38.1289],[176.199,-38.1257],[176.2078,-38.1228],[176.2086,-38.1192],[176.2244,-38.1122],[176.2227,-38.1091],[176.2275,-38.1067],[176.2291,-38.11],[176.2381,-38.1036],[176.2462,-38.1054],[176.2381,-38.1111],[176.2405,-38.1213],[176.2539,-38.1309],[176.2651,-38.1297],[176.265,-38.1341],[176.2587,-38.1371],[176.2646,-38.1414],[176.2725,-38.1391],[176.2914,-38.1193],[176.306,-38.1154],[176.3101,-38.1066],[176.3208,-38.0989]]]}},{"type":"Feature","properties":{"area_code":"12","area_name":"Rotorua","fua_code":"2002","fua_name":"Rotorua"},"geometry":{"type":"Polygon","coordinates":[[[176.2238,-38.0458],[176.216,-38.0611],[176.2185,-38.0838],[176.2256,-38.0947],[176.2381,-38.1036],[176.2295,-38.1098],[176.2275,-38.1067],[176.2227,-38.1091],[176.2244,-38.1122],[176.2099,-38.1196],[176.2043,-38.1152],[176.1962,-38.0976],[176.2001,-38.096],[176.1972,-38.0898],[176.1937,-38.0907],[176.1921,-38.087],[176.1964,-38.088],[176.1952,-38.083],[176.1993,-38.0828],[176.1994,-38.0734],[176.2028,-38.0743],[176.2052,-38.0702],[176.2081,-38.0718],[176.2043,-38.0689],[176.209,-38.0685],[176.2099,-38.0641],[176.2065,-38.0618],[176.2102,-38.0515],[176.2238,-38.0458]]]}},{"type":"Feature","properties":{"area_code":"13","area_name":"Rotorua","fua_code":"2002","fua_name":"Rotorua"},"geometry":{"type":"MultiPolygon","coordinates":[[[[176.3507,-37.9425],[176.3441,-37.9481],[176.3438,-37.9537],[176.3347,-37.9598],[176.3281,-37.9596],[176.3131,-37.979],[176.301,-37.9885],[176.2999,-38.004],[176.2809,-38.0039],[176.2809,-38.0248],[176.2905,-38.0213],[176.2867,-38.0367],[176.2649,-38.033],[176.2461,-38.0355],[176.2307,-38.0401],[176.2079,-38.0547],[176.209,-38.0685],[176.2043,-38.0689],[176.2081,-38.0718],[176.2052,-38.0702],[176.2028,-38.0743],[176.1994,-38.0734],[176.1993,-38.0828],[176.1952,-38.083],[176.1964,-38.088],[176.1921,-38.087],[176.1937,-38.0907],[176.1972,-38.0898],[176.2001,-38.096],[176.1962,-38.0976],[176.2043,-38.1152],[176.2099,-38.1196],[176.199,-38.1257],[176.1983,-38.1289],[176.1927,-38.129],[176.192,-38.1322],[176.2052,-38.1462],[176.1933,-38.1515],[176.1963,-38.1555],[176.2027,-38.1523],[176.2092,-38.1577],[176.2139,-38.1553],[176.2182,-38.1591],[176.2135,-38.1637],[176.2181,-38.161],[176.22,-38.1618],[176.2172,-38.1655],[176.2366,-38.1681],[176.2405,-38.1776],[176.2611,-38.1677],[176.2806,-38.1499],[176.3014,-38.1618],[176.3003,-38.1538],[176.2945,-38.1495],[176.3037,-38.1498],[176.3111,-38.1448],[176.3039,-38.1354],[176.3073,-38.1336],[176.3039,-38.1282],[176.3132,-38.1217],[176.3227,-38.1305],[176.3348,-38.1311],[176.337,-38.1228],[176.3202,-38.1175],[176.3308,-38.1018],[176.3206,-38.0989],[176.3245,-38.0905],[176.3212,-38.0806],[176.3271,-38.0711],[176.3249,-38.0481],[176.3121,-38.0369],[176.3186,-38.0238],[176.3358,-38.025],[176.3417,-38.0144],[176.3556,-38.0177],[176.3682,-38.0077],[176.3835,-38.0086],[176.3806,-38.0141],[176.3688,-38.0122],[176.3698,-38.0154],[176.3759,-38.0171],[176.3717,-38.0234],[176.376,-38.0256],[176.3733,-38.0301],[176.3705,-38.0283],[176.3589,-38.036],[176.3521,-38.0344],[176.3558,-38.0319],[176.3525,-38.032],[176.3546,-38.0277],[176.3513,-38.035],[176.3462,-38.0361],[176.3439,-38.0346],[176.3456,-38.0313],[176.3491,-38.0323],[176.3519,-38.0257],[176.3444,-38.0212],[176.3459,-38.0276],[176.3364,-38.0356],[176.336,-38.0433],[176.3304,-38.0517],[176.3385,-38.0517],[176.34,-38.0478],[176.3346,-38.0453],[176.3386,-38.0446],[176.3473,-38.0517],[176.3518,-38.0458],[176.3605,-38.0437],[176.3579,-38.0394],[176.3684,-38.0402],[176.3751,-38.0443],[176.3781,-38.0389],[176.3879,-38.0388],[176.4021,-38.0261],[176.4053,-38.0274],[176.3974,-38.0376],[176.4091,-38.0394],[176.4152,-38.0499],[176.432,-38.0572],[176.4493,-38.0519],[176.4594,-38.0556],[176.4773,-38.0522],[176.4855,-38.0462],[176.4875,-38.0392],[176.486,-38.0322],[176.4806,-38.0337],[176.4784,-38.0289],[176.5158,-38.0273],[176.5156,-38.0315],[176.5108,-38.034],[176.5126,-38.0358],[176.5385,-38.0313],[176.5458,-38.0355],[176.5476,-38.0281],[176.5454,-38.0208],[176.5349,-38.0177],[176.5382,-38.0106],[176.548,-38.012],[176.542,-38.0092],[176.5987,-38.0088],[176.6029,-38.0113],[176.603,-38.0324],[176.5968,-38.0311],[176.5947,-38.0217],[176.5902,-38.0195],[176.5755,-38.0234],[176.5779,-38.0321],[176.5621,-38.0261],[176.5581,-38.0346],[176.5759,-38.038],[176.5825,-38.0443],[176.5704,-38.0499],[176.5553,-38.0467],[176.5719,-38.0517],[176.5833,-38.068],[176.6034,-38.0651],[176.6036,-38.1206],[176.584,-38.1247],[176.5838,-38.1425],[176.5617,-38.1357],[176.5439,-38.1462],[176.5249,-38.1478],[176.5193,-38.1567],[176.5217,-38.1644],[176.52,-38.1718],[176.5085,-38.176],[176.5044,-38.1822],[176.4945,-38.1848],[176.4543,-38.1785],[176.4372,-38.1665],[176.4294,-38.1663],[176.4257,-38.1743],[176.421,-38.1771],[176.4106,-38.1766],[176.4014,-38.1659],[176.393,-38.1654],[176.3965,-38.1698],[176.3896,-38.1736],[176.3885,-38.1791],[176.3964,-38.1913],[176.3959,-38.1994],[176.3925,-38.1975],[176.3887,-38.2043],[176.3796,-38.2031],[176.376,-38.2079],[176.3678,-38.2087],[176.3616,-38.2131],[176.3458,-38.2087],[176.3392,-38.2026],[176.3303,-38.2085],[176.326,-38.2069],[176.32,-38.2138],[176.2978,-38.2157],[176.3008,-38.2227],[176.3043,-38.2239],[176.3061,-38.2187],[176.3093,-38.2234],[176.3059,-38.2419],[176.2969,-38.2287],[176.2714,-38.2147],[176.2521,-38.2191],[176.2549,-38.226],[176.2322,-38.2391],[176.2202,-38.2363],[176.2192,-38.2335],[176.2241,-38.2274],[176.2173,-38.2278],[176.2161,-38.2193],[176.1909,-38.2232],[176.1814,-38.2302],[176.1645,-38.2657],[176.1874,-38.2686],[176.201,-38.2663],[176.2118,-38.2695],[176.2052,-38.2821],[176.2024,-38.3047],[176.1829,-38.2939],[176.1762,-38.2989],[176.1776,-38.3025],[176.1743,-38.3066],[176.1693,-38.3046],[176.1505,-38.3077],[176.1429,-38.3052],[176.1436,-38.2964],[176.1311,-38.3036],[176.1281,-38.2969],[176.1378,-38.2943],[176.1377,-38.2876],[176.1299,-38.2828],[176.114,-38.2804],[176.1086,-38.2758],[176.1293,-38.2732],[176.116,-38.2691],[176.1205,-38.2679],[176.1503,-38.2182],[176.1101,-38.1669],[176.0583,-38.1642],[176.0583,-38.1667],[176.0307,-38.1666],[176.0307,-38.1392],[176.022,-38.1393],[176.0197,-38.1425],[175.9845,-38.142],[175.9817,-38.1386],[175.9991,-38.1315],[176.0051,-38.1229],[176.0983,-37.9619],[176.1169,-37.9692],[176.1303,-37.9611],[176.1452,-37.9586],[176.1544,-37.9617],[176.1706,-37.9609],[176.1761,-37.9582],[176.1855,-37.9602],[176.191,-37.9546],[176.1953,-37.9605],[176.2213,-37.9542],[176.2389,-37.9595],[176.2537,-37.9555],[176.2862,-37.937],[176.351,-37.9372],[176.3507,-37.9425]]],[[[176.3495,-38.1752],[176.3486,-38.1776],[176.3526,-38.1766],[176.3561,-38.1736],[176.354,-38.1718],[176.3565,-38.1722],[176.3552,-38.1776],[176.359,-38.1806],[176.376,-38.1778],[176.3624,-38.1622],[176.3483,-38.1649],[176.3495,-38.1752]]],[[[176.3263,-38.1951],[176.3262,-38.2011],[176.339,-38.2002],[176.3333,-38.188],[176.3271,-38.1885],[176.3263,-38.1951]]],[[[176.4314,-38.1559],[176.4297,-38.1464],[176.4225,-38.1441],[176.4223,-38.1371],[176.4142,-38.1287],[176.4213,-38.1243],[176.4219,-38.12],[176.4295,-38.1171],[176.4294,-38.1079],[176.4264,-38.108],[176.4314,-38.1038],[176.4258,-38.0995],[176.4097,-38.1054],[176.4069,-38.1257],[176.4009,-38.1231],[176.3962,-38.1272],[176.3886,-38.1253],[176.3922,-38.1309],[176.3977,-38.1305],[176.3968,-38.1354],[176.4017,-38.1379],[176.394,-38.1377],[176.387,-38.1428],[176.3811,-38.14],[176.3795,-38.1456],[176.3968,-38.1448],[176.4014,-38.1508],[176.4043,-38.1454],[176.413,-38.144],[176.4314,-38.1559]]],[[[176.3152,-38.2226],[176.3166,-38.2248],[176.314,-38.2242],[176.3152,-38.2226]]],[[[176.3012,-38.2191],[176.3004,-38.2185],[176.3004,-38.2176],[176.3012,-38.2191]]],[[[176.4004,-38.1678],[176.4008,-38.1693],[176.3991,-38.1685],[176.4004,-38.1678]]],[[[176.4014,-38.1673],[176.4007,-38.1675],[176.401,-38.1669],[176.4014,-38.1673]]],[[[176.2885,-38.0742],[176.2971,-38.0801],[176.2891,-38.0865],[176.2798,-38.0812],[176.2806,-38.0765],[176.2885,-38.0742]]]]}},{"type":"Feature","properties":{"area_code":"14","area_name":"New Plymouth","fua_code":"2006","fua_name":"New Plymouth"},"geometry":{"type":"MultiPolygon","coordinates":[[[[174.1824,-38.9962],[174.1898,-39.0016],[174.1922,-39.0098],[174.1785,-39.0172],[174.1783,-39.0225],[174.1852,-39.0241],[174.182,-39.0251],[174.1826,-39.0303],[174.1784,-39.0357],[174.1822,-39.0417],[174.1399,-39.0416],[174.1248,-39.0497],[174.1301,-39.072],[174.127,-39.0778],[174.1239,-39.0763],[174.1332,-39.0951],[174.1201,-39.1021],[174.1149,-39.1037],[174.109,-39.1011],[174.1054,-39.1046],[174.085,-39.1089],[174.0838,-39.1039],[174.071,-39.1098],[174.0726,-39.115],[174.0685,-39.1186],[174.0662,-39.1163],[174.0634,-39.1202],[174.0614,-39.1162],[174.0484,-39.121],[174.0459,-39.1128],[174.0497,-39.1117],[174.0463,-39.1049],[174.0421,-39.1062],[174.0399,-39.102],[174.0442,-39.1007],[174.0394,-39.0911],[174.0344,-39.0926],[174.0081,-39.0813],[174.0191,-39.0682],[174.019,-39.0622],[174.0164,-39.061],[174.0293,-39.0545],[174.0393,-39.0518],[174.0313,-39.0569],[174.0361,-39.0558],[174.0333,-39.0577],[174.0385,-39.0566],[174.0368,-39.0593],[174.0429,-39.0607],[174.0506,-39.0582],[174.0446,-39.0549],[174.0518,-39.0582],[174.0889,-39.0512],[174.107,-39.0362],[174.1224,-39.0301],[174.1376,-39.0184],[174.1457,-39.0194],[174.1581,-39.0147],[174.1824,-38.9962]]],[[[174.0128,-39.0609],[174.0128,-39.0611],[174.0123,-39.0609],[174.0128,-39.0609]]],[[[174.0154,-39.0606],[174.0153,-39.0605],[174.0155,-39.0605],[174.0154,-39.0606]]],[[[174.0197,-39.059],[174.0194,-39.0598],[174.0187,-39.0595],[174.0197,-39.059]]],[[[174.0029,-39.0575],[174.0028,-39.0573],[174.003,-39.0573],[174.0029,-39.0575]]],[[[174.0025,-39.057],[174.0025,-39.0571],[174.0022,-39.057],[174.0025,-39.057]]],[[[174.0005,-39.057],[174.0004,-39.057],[174.0005,-39.0568],[174.0005,-39.057]]],[[[174.0035,-39.0568],[174.0033,-39.057],[174.003,-39.0569],[174.0035,-39.0568]]],[[[174.0031,-39.0559],[174.0041,-39.0564],[174.0028,-39.0567],[174.0031,-39.0559]]],[[[174.027,-39.0507],[174.0266,-39.0508],[174.0268,-39.0505],[174.027,-39.0507]]],[[[174.0266,-39.0503],[174.0264,-39.0506],[174.0264,-39.0504],[174.0266,-39.0503]]],[[[174.0267,-39.0502],[174.0261,-39.0502],[174.0262,-39.05],[174.0267,-39.0502]]],[[[174.0278,-39.0483],[174.0274,-39.0498],[174.0267,-39.0487],[174.0278,-39.0483]]],[[[174.0134,-39.0463],[174.0133,-39.0463],[174.0134,-39.0461],[174.0134,-39.0463]]],[[[174.0136,-39.046],[174.0134,-39.046],[174.0135,-39.0459],[174.0136,-39.046]]],[[[174.0155,-39.0458],[174.0154,-39.0459],[174.0154,-39.0459],[174.0155,-39.0458]]],[[[174.0139,-39.0454],[174.0138,-39.0454],[174.0139,-39.0453],[174.0139,-39.0454]]],[[[174.0155,-39.0448],[174.0142,-39.0461],[174.0141,-39.0451],[174.0155,-39.0448]]]]}},{"type":"Feature","properties":{"area_code":"15","area_name":"New Plymouth","fua_code":"2006","fua_name":"New Plymouth"},"geometry":{"type":"MultiPolygon","coordinates":[[[[174.234,-38.9861],[174.247,-38.9941],[174.2616,-38.9954],[174.2551,-38.9982],[174.2592,-39.0034],[174.2543,-39.0058],[174.2505,-39.0011],[174.243,-39.007],[174.2424,-39.0018],[174.2269,-39.0103],[174.2097,-38.9886],[174.234,-38.9861]]],[[[174.199,-39.1481],[174.2178,-39.1541],[174.205,-39.1631],[174.202,-39.1685],[174.1921,-39.1605],[174.186,-39.1608],[174.1937,-39.1495],[174.199,-39.1481]]],[[[173.9563,-39.1107],[173.9617,-39.1182],[173.9599,-39.12],[173.9634,-39.1209],[173.9588,-39.1241],[173.9619,-39.1262],[173.9596,-39.1289],[173.9536,-39.1205],[173.9396,-39.1223],[173.9389,-39.1174],[173.9563,-39.1107]]]]}},{"type":"Feature","properties":{"area_code":"16","area_name":"New Plymouth","fua_code":"2006","fua_name":"New Plymouth"},"geometry":{"type":"Polygon","coordinates":[[[174.4732,-38.9526],[174.4754,-38.9606],[174.4696,-38.9585],[174.4388,-38.9823],[174.4069,-38.9889],[174.4121,-38.9944],[174.4172,-38.9919],[174.4136,-38.9888],[174.42,-38.987],[174.4285,-38.996],[174.4238,-39.007],[174.427,-39.008],[174.426,-39.0161],[174.4149,-39.0339],[174.4176,-39.0402],[174.4131,-39.0509],[174.4028,-39.0558],[174.3977,-39.0504],[174.3996,-39.0414],[174.3847,-39.0314],[174.3817,-39.0195],[174.3778,-39.0187],[174.3768,-39.0054],[174.3594,-39.0061],[174.3611,-39.0112],[174.3644,-39.0099],[174.3669,-39.0134],[174.3641,-39.0156],[174.368,-39.0217],[174.3644,-39.024],[174.3657,-39.0287],[174.3607,-39.0311],[174.3611,-39.0371],[174.3467,-39.0446],[174.3396,-39.0524],[174.3408,-39.0568],[174.3343,-39.0587],[174.3369,-39.0623],[174.3587,-39.0565],[174.3685,-39.0679],[174.3655,-39.0719],[174.3667,-39.0789],[174.361,-39.0813],[174.3622,-39.0867],[174.3563,-39.0946],[174.3597,-39.1019],[174.3477,-39.1019],[174.347,-39.1062],[174.3356,-39.114],[174.3173,-39.0983],[174.3138,-39.0889],[174.3204,-39.0888],[174.3187,-39.0835],[174.31,-39.0847],[174.3046,-39.077],[174.2992,-39.0809],[174.3004,-39.0764],[174.2939,-39.0755],[174.2917,-39.0702],[174.2887,-39.0755],[174.2817,-39.0766],[174.2917,-39.0889],[174.2952,-39.0881],[174.306,-39.096],[174.3087,-39.105],[174.3039,-39.1174],[174.3096,-39.1297],[174.3155,-39.1239],[174.3206,-39.1235],[174.3301,-39.1374],[174.3201,-39.1547],[174.3145,-39.1528],[174.3098,-39.1587],[174.2948,-39.1622],[174.2756,-39.1586],[174.2735,-39.1614],[174.2733,-39.1693],[174.2788,-39.1723],[174.2794,-39.1799],[174.2843,-39.1834],[174.2827,-39.1867],[174.2884,-39.188],[174.2852,-39.191],[174.285,-39.1985],[174.2892,-39.2007],[174.2842,-39.2071],[174.2843,-39.2128],[174.2908,-39.2115],[174.2917,-39.2142],[174.2813,-39.214],[174.2779,-39.2166],[174.276,-39.2146],[174.274,-39.2219],[174.2698,-39.2229],[174.2719,-39.2241],[174.2691,-39.2292],[174.2572,-39.2325],[174.2554,-39.2422],[174.2495,-39.2488],[174.2385,-39.2246],[174.2119,-39.2507],[174.2054,-39.2426],[174.2053,-39.2372],[174.1753,-39.1782],[174.1596,-39.1899],[174.1524,-39.2018],[174.14,-39.2128],[174.1322,-39.2267],[174.1024,-39.214],[174.0835,-39.2101],[174.0594,-39.2089],[174.0543,-39.2132],[174.0525,-39.2096],[174.0445,-39.2099],[174.0255,-39.2139],[173.9917,-39.229],[173.9644,-39.256],[173.9397,-39.2513],[173.9079,-39.2345],[173.891,-39.2186],[173.8894,-39.2134],[173.8641,-39.1915],[173.8735,-39.1859],[173.8809,-39.1904],[173.8936,-39.181],[173.8879,-39.1755],[173.8787,-39.1742],[173.8711,-39.1601],[173.8671,-39.1425],[173.8964,-39.1323],[173.916,-39.1189],[173.9389,-39.1174],[173.9402,-39.1224],[173.952,-39.1201],[173.9596,-39.1289],[173.9619,-39.1262],[173.9588,-39.1241],[173.9634,-39.1209],[173.9599,-39.12],[173.9617,-39.1182],[173.9564,-39.1099],[174.0081,-39.0813],[174.0344,-39.0926],[174.0394,-39.0911],[174.0442,-39.1007],[174.0399,-39.102],[174.0421,-39.1062],[174.0463,-39.1049],[174.0497,-39.1117],[174.0459,-39.1128],[174.0484,-39.121],[174.0614,-39.1162],[174.0634,-39.1202],[174.0662,-39.1163],[174.0686,-39.1186],[174.0726,-39.115],[174.071,-39.1098],[174.0771,-39.1058],[174.0838,-39.1039],[174.085,-39.1089],[174.1054,-39.1046],[174.109,-39.1011],[174.1149,-39.1037],[174.1332,-39.0952],[174.1239,-39.0763],[174.127,-39.0778],[174.1301,-39.072],[174.1248,-39.0497],[174.1399,-39.0416],[174.1822,-39.0417],[174.1784,-39.0357],[174.1826,-39.0303],[174.182,-39.0251],[174.1852,-39.0241],[174.1783,-39.0225],[174.1785,-39.0172],[174.1922,-39.0098],[174.1898,-39.0016],[174.1828,-38.9962],[174.1998,-38.9887],[174.2097,-38.9886],[174.2269,-39.0103],[174.2424,-39.0018],[174.243,-39.007],[174.2505,-39.0011],[174.2543,-39.0058],[174.2592,-39.0034],[174.2551,-38.9982],[174.2616,-38.9954],[174.247,-38.9941],[174.2338,-38.9859],[174.2419,-38.9817],[174.2668,-38.9868],[174.3117,-38.9828],[174.3217,-38.99],[174.3366,-38.9935],[174.3646,-38.9926],[174.3816,-38.9871],[174.3909,-38.9889],[174.3997,-38.9864],[174.4356,-38.9631],[174.447,-38.962],[174.4478,-38.9653],[174.4519,-38.9659],[174.4653,-38.9579],[174.4633,-38.9535],[174.4732,-38.9526]],[[174.198,-39.1483],[174.1881,-39.1551],[174.186,-39.1608],[174.1921,-39.1605],[174.202,-39.1685],[174.205,-39.1631],[174.2178,-39.1542],[174.198,-39.1483]]]}},{"type":"Feature","properties":{"area_code":"17","area_name":"Wellington","fua_code":"1004","fua_name":"Wellington"},"geometry":{"type":"MultiPolygon","coordinates":[[[[174.8833,-41.1474],[174.8954,-41.1528],[174.8793,-41.1735],[174.8789,-41.1779],[174.8757,-41.1765],[174.8655,-41.1891],[174.8673,-41.1928],[174.8608,-41.2026],[174.8623,-41.2061],[174.859,-41.2099],[174.8618,-41.2143],[174.8575,-41.224],[174.8436,-41.2292],[174.7944,-41.2582],[174.7941,-41.264],[174.7859,-41.2652],[174.7901,-41.281],[174.7846,-41.2819],[174.7831,-41.2792],[174.7794,-41.2822],[174.7804,-41.2896],[174.7858,-41.2883],[174.7863,-41.2906],[174.7963,-41.2907],[174.8041,-41.2861],[174.8027,-41.2923],[174.8061,-41.3033],[174.7993,-41.3058],[174.7983,-41.309],[174.8038,-41.3167],[174.8115,-41.3144],[174.8173,-41.2989],[174.8222,-41.2965],[174.8209,-41.2918],[174.8254,-41.2845],[174.8341,-41.2889],[174.8326,-41.2926],[174.8369,-41.2955],[174.8326,-41.2977],[174.8329,-41.3079],[174.8276,-41.3153],[174.8391,-41.3253],[174.838,-41.3316],[174.8266,-41.3324],[174.8209,-41.3449],[174.8196,-41.3423],[174.816,-41.3442],[174.8109,-41.3416],[174.8096,-41.3455],[174.8111,-41.3382],[174.8035,-41.3355],[174.8052,-41.3292],[174.7986,-41.3286],[174.7911,-41.3329],[174.7938,-41.3384],[174.7915,-41.3468],[174.7849,-41.3422],[174.7787,-41.3459],[174.7725,-41.3437],[174.7658,-41.349],[174.7594,-41.3484],[174.7586,-41.3446],[174.7501,-41.349],[174.7541,-41.332],[174.7443,-41.3312],[174.7443,-41.3345],[174.7409,-41.3343],[174.7363,-41.3306],[174.7422,-41.3249],[174.7455,-41.3148],[174.7485,-41.3154],[174.7507,-41.3078],[174.7473,-41.3052],[174.7544,-41.292],[174.7521,-41.2884],[174.7458,-41.2956],[174.7287,-41.2927],[174.7217,-41.2998],[174.7229,-41.2957],[174.7163,-41.2921],[174.7157,-41.2897],[174.7181,-41.2902],[174.7138,-41.2816],[174.7389,-41.2745],[174.7365,-41.2724],[174.7387,-41.2714],[174.7403,-41.2741],[174.7528,-41.272],[174.754,-41.2675],[174.759,-41.2657],[174.7531,-41.2612],[174.7587,-41.257],[174.7531,-41.2502],[174.7582,-41.2482],[174.7601,-41.2521],[174.7686,-41.2458],[174.767,-41.2418],[174.7784,-41.24],[174.7807,-41.2426],[174.7892,-41.2357],[174.788,-41.2331],[174.7918,-41.2281],[174.7853,-41.2246],[174.7905,-41.2229],[174.7902,-41.2163],[174.7987,-41.2093],[174.8002,-41.2046],[174.796,-41.2028],[174.8001,-41.1979],[174.802,-41.1856],[174.8094,-41.1779],[174.806,-41.1761],[174.8156,-41.1725],[174.8123,-41.1714],[174.8151,-41.1693],[174.814,-41.1638],[174.8295,-41.1549],[174.8316,-41.1495],[174.8343,-41.1524],[174.8412,-41.1488],[174.8396,-41.1546],[174.857,-41.162],[174.8621,-41.1553],[174.8708,-41.1561],[174.8758,-41.1496],[174.8801,-41.1515],[174.8833,-41.1474]]],[[[174.7745,-41.3487],[174.7734,-41.3504],[174.772,-41.3498],[174.7745,-41.3487]]],[[[174.7722,-41.349],[174.7715,-41.3491],[174.7715,-41.3478],[174.7722,-41.349]]]]}},{"type":"Feature","properties":{"area_code":"18","area_name":"Wellington","fua_code":"1004","fua_name":"Wellington"},"geometry":{"type":"MultiPolygon","coordinates":[[[[175.1122,-41.0669],[175.1305,-41.0713],[175.1286,-41.0756],[175.1413,-41.0787],[175.1437,-41.0775],[175.1417,-41.0731],[175.1548,-41.0766],[175.1541,-41.0842],[175.1504,-41.0865],[175.1644,-41.0821],[175.1693,-41.0835],[175.1673,-41.0869],[175.1482,-41.0936],[175.1507,-41.0999],[175.1487,-41.101],[175.1477,-41.0979],[175.1297,-41.0985],[175.1244,-41.1048],[175.0991,-41.1162],[175.0985,-41.1208],[175.0861,-41.1298],[175.0785,-41.1296],[175.0774,-41.133],[175.0652,-41.1358],[175.0595,-41.1334],[175.0658,-41.1404],[175.0479,-41.1549],[175.0474,-41.1608],[175.0368,-41.1668],[175.032,-41.1634],[175.032,-41.1708],[175.041,-41.1733],[175.04,-41.178],[175.033,-41.1768],[175.0323,-41.18],[175.0029,-41.1767],[174.9917,-41.182],[174.9928,-41.1918],[174.9882,-41.1931],[174.9903,-41.1961],[174.9879,-41.199],[174.9794,-41.2026],[174.972,-41.1988],[174.9686,-41.2049],[174.9558,-41.2039],[174.9605,-41.2119],[174.9565,-41.2149],[174.9524,-41.2114],[174.9503,-41.2129],[174.9492,-41.2245],[174.9558,-41.2235],[174.9576,-41.2263],[174.9554,-41.2279],[174.9581,-41.2279],[174.9528,-41.2399],[174.9608,-41.2423],[174.9594,-41.2449],[174.9663,-41.2449],[174.9668,-41.2509],[174.9579,-41.2619],[174.9672,-41.2706],[174.9649,-41.2724],[174.9692,-41.2754],[174.9693,-41.2833],[174.9563,-41.2789],[174.9523,-41.2804],[174.951,-41.2878],[174.9475,-41.2876],[174.9472,-41.2748],[174.9426,-41.2738],[174.9479,-41.2725],[174.9454,-41.2681],[174.9481,-41.2646],[174.9303,-41.2663],[174.9354,-41.2594],[174.9267,-41.2603],[174.9253,-41.2548],[174.9277,-41.2531],[174.9235,-41.2508],[174.9231,-41.244],[174.9213,-41.2472],[174.9166,-41.247],[174.9145,-41.2525],[174.9183,-41.2537],[174.9155,-41.2553],[174.9187,-41.2588],[174.9144,-41.2626],[174.9164,-41.265],[174.9121,-41.2647],[174.9108,-41.273],[174.9061,-41.2756],[174.9129,-41.2781],[174.913,-41.2819],[174.9045,-41.286],[174.9089,-41.288],[174.906,-41.2909],[174.9008,-41.2906],[174.8965,-41.2945],[174.8998,-41.2973],[174.891,-41.3096],[174.8952,-41.3114],[174.8922,-41.3155],[174.8827,-41.3113],[174.8922,-41.299],[174.8959,-41.2885],[174.9063,-41.2819],[174.9031,-41.2768],[174.91,-41.2645],[174.9078,-41.2606],[174.9125,-41.2581],[174.9041,-41.2531],[174.8987,-41.2589],[174.9032,-41.2523],[174.899,-41.246],[174.9011,-41.2367],[174.8985,-41.2356],[174.8978,-41.2389],[174.8883,-41.2317],[174.8721,-41.2275],[174.8702,-41.23],[174.872,-41.2274],[174.8673,-41.2261],[174.8504,-41.2273],[174.8575,-41.224],[174.8618,-41.2143],[174.8597,-41.21],[174.8699,-41.2073],[174.8699,-41.2029],[174.8758,-41.2029],[174.8759,-41.2005],[174.8979,-41.1982],[174.8973,-41.1948],[174.9017,-41.1961],[174.9048,-41.1906],[174.9087,-41.1929],[174.9103,-41.1857],[174.9175,-41.1824],[174.9258,-41.1882],[174.937,-41.1642],[174.9367,-41.1589],[174.9658,-41.1645],[174.9773,-41.1554],[174.9791,-41.1489],[174.986,-41.1499],[174.9991,-41.1444],[175.0372,-41.1227],[175.0319,-41.1245],[175.036,-41.1213],[175.0301,-41.1138],[175.0297,-41.1021],[175.035,-41.1021],[175.0529,-41.1143],[175.076,-41.1152],[175.0699,-41.1119],[175.0911,-41.1013],[175.0921,-41.0926],[175.0973,-41.0852],[175.1028,-41.0842],[175.1011,-41.0786],[175.1068,-41.0784],[175.1098,-41.0748],[175.1082,-41.0672],[175.1122,-41.0669]]],[[[174.8713,-41.293],[174.8726,-41.2936],[174.8715,-41.2949],[174.8713,-41.293]]],[[[174.8653,-41.2528],[174.8678,-41.2562],[174.8661,-41.262],[174.8621,-41.2597],[174.8653,-41.2528]]],[[[174.865,-41.2507],[174.8652,-41.2516],[174.8645,-41.2522],[174.865,-41.2507]]],[[[174.8873,-41.0281],[174.8996,-41.0295],[174.8952,-41.0343],[174.8973,-41.0345],[174.8965,-41.0458],[174.883,-41.045],[174.8776,-41.0492],[174.8763,-41.0598],[174.8727,-41.0597],[174.8746,-41.0687],[174.8702,-41.0753],[174.8743,-41.0763],[174.8687,-41.0841],[174.8731,-41.083],[174.8825,-41.0891],[174.8708,-41.0969],[174.87,-41.1039],[174.8839,-41.0987],[174.8794,-41.103],[174.8814,-41.1058],[174.9104,-41.1044],[174.9148,-41.107],[174.9122,-41.1094],[174.916,-41.1135],[174.9135,-41.1177],[174.9006,-41.13],[174.8832,-41.1238],[174.8858,-41.1344],[174.8774,-41.1406],[174.8741,-41.1462],[174.8758,-41.1496],[174.8708,-41.1561],[174.8621,-41.1553],[174.857,-41.162],[174.8396,-41.1546],[174.8412,-41.1488],[174.8343,-41.1524],[174.8316,-41.1495],[174.8295,-41.1549],[174.8113,-41.1641],[174.8125,-41.1583],[174.8035,-41.1556],[174.8061,-41.1498],[174.7902,-41.1435],[174.7873,-41.1478],[174.7781,-41.1439],[174.787,-41.1367],[174.7882,-41.1295],[174.7957,-41.1237],[174.8032,-41.1226],[174.8047,-41.1112],[174.8122,-41.1119],[174.8237,-41.1056],[174.834,-41.1076],[174.8362,-41.1045],[174.8327,-41.1016],[174.8342,-41.0987],[174.8495,-41.0888],[174.8539,-41.0892],[174.8543,-41.0934],[174.8619,-41.0946],[174.8629,-41.1031],[174.8537,-41.107],[174.855,-41.11],[174.8514,-41.1131],[174.8408,-41.117],[174.8373,-41.1247],[174.8404,-41.1252],[174.8435,-41.1326],[174.8439,-41.1284],[174.8688,-41.103],[174.8648,-41.0983],[174.8672,-41.0867],[174.8624,-41.0779],[174.8554,-41.0747],[174.8513,-41.0664],[174.8402,-41.0652],[174.8394,-41.0613],[174.848,-41.048],[174.8634,-41.0422],[174.8707,-41.0307],[174.8873,-41.0281]]]]}},{"type":"Feature","properties":{"area_code":"19","area_name":"Wellington","fua_code":"1004","fua_name":"Wellington"},"geometry":{"type":"Polygon","coordinates":[[[175.3289,-41.1049],[175.3369,-41.1081],[175.3332,-41.1119],[175.3329,-41.1153],[175.3384,-41.1185],[175.3351,-41.1277],[175.3098,-41.1146],[175.3289,-41.1049]]]}},{"type":"Feature","properties":{"area_code":"20","area_name":"Wellington","fua_code":"1004","fua_name":"Wellington"},"geometry":{"type":"MultiPolygon","coordinates":[[[[175.1398,-40.98],[175.1448,-40.9933],[175.1379,-41.0538],[175.1305,-41.0713],[175.1083,-41.067],[175.1097,-41.0751],[175.1065,-41.0786],[175.1011,-41.0786],[175.1034,-41.0834],[175.0973,-41.0852],[175.0921,-41.0926],[175.0911,-41.1013],[175.0699,-41.1119],[175.076,-41.1152],[175.0529,-41.1143],[175.035,-41.1021],[175.0297,-41.1021],[175.0301,-41.1138],[175.036,-41.1213],[175.0319,-41.1245],[175.0372,-41.1227],[174.9991,-41.1444],[174.986,-41.1499],[174.9791,-41.1489],[174.9773,-41.1554],[174.9658,-41.1645],[174.9367,-41.1589],[174.937,-41.1642],[174.9258,-41.1882],[174.9175,-41.1824],[174.9103,-41.1857],[174.9087,-41.1929],[174.9048,-41.1906],[174.9017,-41.1961],[174.8973,-41.1948],[174.8979,-41.1982],[174.8759,-41.2005],[174.8758,-41.2029],[174.8699,-41.2029],[174.8699,-41.2073],[174.859,-41.2099],[174.8664,-41.1961],[174.8655,-41.1891],[174.8757,-41.1765],[174.8789,-41.1779],[174.8793,-41.1735],[174.8954,-41.1528],[174.8833,-41.1474],[174.8801,-41.1515],[174.8741,-41.1462],[174.8807,-41.1365],[174.8858,-41.1344],[174.8832,-41.1238],[174.9006,-41.13],[174.916,-41.1135],[174.9122,-41.1094],[174.9148,-41.107],[174.9074,-41.1047],[174.9132,-41.1033],[174.9135,-41.0991],[174.906,-41.0938],[174.8985,-41.095],[174.8994,-41.091],[174.8936,-41.0874],[174.8832,-41.0895],[174.8731,-41.083],[174.8687,-41.0841],[174.8743,-41.0763],[174.8702,-41.0753],[174.8746,-41.0687],[174.8727,-41.0597],[174.8763,-41.0598],[174.8776,-41.0492],[174.883,-41.045],[174.8965,-41.0458],[174.8973,-41.0345],[174.8952,-41.0343],[174.9017,-41.025],[174.9307,-41.0041],[174.9596,-41.0108],[174.9612,-41.0188],[174.9757,-41.0379],[174.968,-41.0603],[174.9743,-41.0601],[174.9743,-41.0754],[175.0117,-41.0751],[175.0238,-41.0832],[175.0268,-41.0825],[175.0268,-41.0728],[175.0878,-41.0728],[175.0986,-41.0473],[175.1006,-41.0232],[175.1036,-41.0215],[175.1048,-41.0127],[175.102,-41.0097],[175.1034,-40.9961],[175.0917,-40.9613],[175.1144,-40.9568],[175.1116,-40.9528],[175.1292,-40.9493],[175.1398,-40.98]]],[[[174.9235,-41.2454],[174.9235,-41.2508],[174.9277,-41.2531],[174.9253,-41.2548],[174.9267,-41.2603],[174.9354,-41.2594],[174.9303,-41.2663],[174.9481,-41.2646],[174.9454,-41.2681],[174.9479,-41.2725],[174.9426,-41.2738],[174.9472,-41.2748],[174.9475,-41.2876],[174.951,-41.2878],[174.9523,-41.2804],[174.9563,-41.2789],[174.967,-41.2818],[174.966,-41.2839],[174.9601,-41.2821],[174.952,-41.2978],[174.9468,-41.2989],[174.9578,-41.302],[174.9571,-41.3086],[174.9509,-41.3074],[174.9378,-41.3281],[174.9356,-41.3259],[174.9276,-41.329],[174.9202,-41.3442],[174.9293,-41.3478],[174.9401,-41.3583],[174.9263,-41.3675],[174.9214,-41.3652],[174.9123,-41.3739],[174.9128,-41.384],[174.9013,-41.3957],[174.9025,-41.4022],[174.8988,-41.4089],[174.9048,-41.4144],[174.913,-41.4158],[174.911,-41.4219],[174.9054,-41.4228],[174.9014,-41.418],[174.8685,-41.4096],[174.8659,-41.4008],[174.8748,-41.3927],[174.8747,-41.384],[174.8478,-41.3595],[174.8589,-41.3368],[174.8711,-41.3254],[174.8719,-41.3183],[174.8788,-41.3164],[174.8827,-41.3113],[174.8922,-41.3155],[174.8952,-41.3114],[174.891,-41.3096],[174.8998,-41.2973],[174.8965,-41.2945],[174.9008,-41.2906],[174.906,-41.2909],[174.9089,-41.288],[174.9045,-41.286],[174.913,-41.2819],[174.9129,-41.2781],[174.9061,-41.2756],[174.9108,-41.273],[174.9121,-41.2647],[174.9164,-41.265],[174.9144,-41.2626],[174.9187,-41.2588],[174.9153,-41.2497],[174.9235,-41.2454]]],[[[174.8035,-41.1556],[174.8125,-41.1583],[174.81,-41.1636],[174.8139,-41.1641],[174.8151,-41.1693],[174.8123,-41.1714],[174.8159,-41.1721],[174.806,-41.1761],[174.8094,-41.1779],[174.802,-41.1856],[174.8001,-41.1979],[174.796,-41.2028],[174.8002,-41.2046],[174.7987,-41.2093],[174.7902,-41.2163],[174.7905,-41.2229],[174.7853,-41.2246],[174.7918,-41.2281],[174.788,-41.2331],[174.7892,-41.2357],[174.7807,-41.2426],[174.7784,-41.24],[174.767,-41.2418],[174.7686,-41.2458],[174.7601,-41.2521],[174.7582,-41.2482],[174.7531,-41.2502],[174.7587,-41.257],[174.7531,-41.2612],[174.759,-41.2657],[174.754,-41.2675],[174.7528,-41.272],[174.7403,-41.2741],[174.7387,-41.2714],[174.7365,-41.2724],[174.7389,-41.2745],[174.7138,-41.2816],[174.7181,-41.2902],[174.7157,-41.2897],[174.7163,-41.2921],[174.7229,-41.2957],[174.7217,-41.2998],[174.7287,-41.2927],[174.7458,-41.2956],[174.7521,-41.2884],[174.7544,-41.292],[174.7473,-41.3052],[174.7507,-41.3078],[174.7485,-41.3154],[174.7455,-41.3148],[174.7422,-41.3249],[174.7363,-41.3306],[174.7409,-41.3343],[174.7443,-41.3345],[174.7443,-41.3312],[174.7541,-41.332],[174.7501,-41.349],[174.7437,-41.3468],[174.7335,-41.349],[174.7271,-41.3574],[174.7155,-41.3625],[174.7132,-41.3582],[174.704,-41.3567],[174.6944,-41.3464],[174.6826,-41.3468],[174.6771,-41.34],[174.6599,-41.3408],[174.655,-41.3319],[174.6636,-41.326],[174.6724,-41.2977],[174.6922,-41.2639],[174.7001,-41.2652],[174.7042,-41.2373],[174.6968,-41.2372],[174.6999,-41.23],[174.7036,-41.2304],[174.7064,-41.2359],[174.709,-41.2252],[174.7146,-41.226],[174.7116,-41.2199],[174.7198,-41.2077],[174.7252,-41.2106],[174.7197,-41.2168],[174.7386,-41.2268],[174.7485,-41.226],[174.7426,-41.222],[174.7573,-41.2059],[174.7685,-41.2015],[174.7675,-41.1977],[174.771,-41.1982],[174.782,-41.1853],[174.7767,-41.181],[174.7786,-41.1774],[174.7709,-41.1645],[174.7745,-41.1624],[174.7812,-41.1652],[174.7818,-41.171],[174.7888,-41.1782],[174.7961,-41.1706],[174.7945,-41.1636],[174.8044,-41.1491],[174.8035,-41.1556]]],[[[175.1339,-41.0981],[175.1408,-41.0987],[175.1434,-41.1158],[175.1409,-41.1169],[175.1457,-41.1269],[175.1304,-41.1303],[175.1295,-41.1333],[175.1232,-41.1275],[175.1234,-41.1359],[175.1179,-41.1329],[175.1031,-41.1405],[175.0981,-41.146],[175.1078,-41.1538],[175.0928,-41.176],[175.0823,-41.1758],[175.0787,-41.1817],[175.0798,-41.1899],[175.0589,-41.2025],[175.0615,-41.2068],[175.0593,-41.2115],[175.0567,-41.213],[175.0538,-41.2103],[175.0413,-41.2176],[175.0369,-41.2138],[175.032,-41.2187],[175.02,-41.2177],[175.0154,-41.2131],[174.9994,-41.2146],[174.9911,-41.2038],[174.9808,-41.24],[174.9843,-41.2476],[174.9901,-41.2502],[174.9888,-41.2578],[174.9953,-41.258],[174.9861,-41.2666],[174.9946,-41.2645],[174.9908,-41.2692],[174.9719,-41.2754],[174.9652,-41.2729],[174.9672,-41.2706],[174.9579,-41.2619],[174.9668,-41.2509],[174.9663,-41.2449],[174.9594,-41.2449],[174.9608,-41.2423],[174.9528,-41.2399],[174.9581,-41.2279],[174.9554,-41.2279],[174.9576,-41.2263],[174.9558,-41.2235],[174.9492,-41.2245],[174.9503,-41.2129],[174.9524,-41.2114],[174.9565,-41.2149],[174.9605,-41.2119],[174.9558,-41.2039],[174.9686,-41.2049],[174.972,-41.1988],[174.9794,-41.2026],[174.9879,-41.199],[174.9903,-41.1961],[174.9882,-41.1931],[174.9928,-41.1918],[174.9917,-41.182],[175.0029,-41.1767],[175.0323,-41.18],[175.033,-41.1768],[175.04,-41.178],[175.041,-41.1733],[175.032,-41.1708],[175.032,-41.1634],[175.0368,-41.1668],[175.0474,-41.1608],[175.0479,-41.1549],[175.0658,-41.1404],[175.0595,-41.1334],[175.0652,-41.1358],[175.0774,-41.133],[175.0785,-41.1296],[175.0861,-41.1298],[175.0985,-41.1208],[175.0991,-41.1162],[175.1339,-41.0981]]],[[[175.3792,-40.922],[175.3817,-40.9254],[175.3924,-40.9237],[175.4045,-40.9335],[175.3913,-40.9509],[175.3846,-40.9528],[175.387,-40.9569],[175.3839,-40.9647],[175.3862,-40.9657],[175.3819,-40.974],[175.3933,-40.9878],[175.3877,-40.9958],[175.3918,-40.998],[175.3898,-41.0014],[175.394,-41.0046],[175.3907,-41.008],[175.402,-41.0201],[175.3934,-41.0288],[175.3968,-41.0309],[175.3936,-41.0416],[175.4005,-41.0411],[175.3979,-41.0546],[175.4109,-41.0628],[175.3618,-41.0871],[175.3364,-41.1092],[175.3277,-41.1042],[175.3133,-41.1149],[175.3013,-41.1058],[175.2949,-41.1046],[175.2773,-41.1087],[175.275,-41.112],[175.276,-41.1092],[175.2635,-41.1084],[175.2586,-41.1115],[175.2576,-41.1078],[175.2335,-41.1154],[175.2187,-41.1141],[175.2183,-41.1109],[175.2105,-41.1077],[175.2116,-41.1042],[175.2083,-41.1004],[175.2031,-41.1048],[175.1889,-41.1003],[175.1902,-41.0905],[175.1871,-41.0852],[175.1727,-41.0836],[175.17,-41.0881],[175.1661,-41.0881],[175.1693,-41.0835],[175.1644,-41.0821],[175.1559,-41.0867],[175.1502,-41.0862],[175.1541,-41.0842],[175.1548,-41.0766],[175.1417,-41.0731],[175.1426,-41.0708],[175.1493,-41.0694],[175.1529,-41.0628],[175.156,-41.0658],[175.158,-41.0627],[175.1671,-41.0632],[175.1653,-41.061],[175.1679,-41.0555],[175.1731,-41.056],[175.1737,-41.0529],[175.1771,-41.0559],[175.1856,-41.0555],[175.1867,-41.0581],[175.1946,-41.0572],[175.197,-41.0637],[175.2057,-41.0675],[175.2202,-41.0602],[175.2414,-41.059],[175.2301,-41.0749],[175.2354,-41.0781],[175.2294,-41.0768],[175.2231,-41.0833],[175.2163,-41.0845],[175.2163,-41.097],[175.2209,-41.1049],[175.2269,-41.1078],[175.2255,-41.1099],[175.2306,-41.1089],[175.2297,-41.1032],[175.2499,-41.0889],[175.2418,-41.0665],[175.2559,-41.0519],[175.2648,-41.0265],[175.2751,-41.0227],[175.3063,-40.9895],[175.297,-40.9838],[175.2713,-40.9856],[175.2635,-40.9764],[175.2618,-40.9676],[175.2765,-40.9615],[175.2807,-40.957],[175.2816,-40.9471],[175.3039,-40.9341],[175.3419,-40.9364],[175.3617,-40.9305],[175.3728,-40.9222],[175.3792,-40.922]]]]}},{"type":"Feature","properties":{"area_code":"21","area_name":"Palmerston North","fua_code":"2008","fua_name":"Palmerston North"},"geometry":{"type":"Polygon","coordinates":[[[175.6324,-40.2947],[175.6317,-40.3217],[175.642,-40.3253],[175.6671,-40.314],[175.677,-40.3266],[175.646,-40.3422],[175.6519,-40.35],[175.661,-40.3487],[175.664,-40.3603],[175.6685,-40.3617],[175.6621,-40.3694],[175.6665,-40.3759],[175.6744,-40.3799],[175.6613,-40.3905],[175.6706,-40.4014],[175.6558,-40.408],[175.6468,-40.4023],[175.6374,-40.3905],[175.6004,-40.4134],[175.6033,-40.4178],[175.5973,-40.4211],[175.579,-40.41],[175.5642,-40.3964],[175.5726,-40.3927],[175.5618,-40.3785],[175.5678,-40.3755],[175.5605,-40.3618],[175.5784,-40.3516],[175.5783,-40.3465],[175.5989,-40.3333],[175.5973,-40.3314],[175.6002,-40.3299],[175.5899,-40.321],[175.6095,-40.3077],[175.6131,-40.3096],[175.6182,-40.3048],[175.617,-40.2992],[175.6325,-40.2906],[175.6324,-40.2947]]]}},{"type":"Feature","properties":{"area_code":"22","area_name":"Palmerston North","fua_code":"2008","fua_name":"Palmerston North"},"geometry":{"type":"MultiPolygon","coordinates":[[[[175.7585,-40.2795],[175.771,-40.281],[175.7669,-40.2957],[175.7581,-40.2999],[175.7706,-40.3062],[175.7589,-40.3065],[175.751,-40.2997],[175.7454,-40.2994],[175.7505,-40.2945],[175.7486,-40.2808],[175.7585,-40.2795]]],[[[175.4244,-40.5537],[175.4178,-40.559],[175.3976,-40.5522],[175.4023,-40.5513],[175.3987,-40.5495],[175.4094,-40.542],[175.4077,-40.5387],[175.4295,-40.5496],[175.4244,-40.5537]]]]}},{"type":"Feature","properties":{"area_code":"23","area_name":"Palmerston North","fua_code":"2008","fua_name":"Palmerston North"},"geometry":{"type":"Polygon","coordinates":[[[175.7706,-40.3062],[175.7906,-40.3135],[175.784,-40.3325],[175.7795,-40.3359],[175.7815,-40.3391],[175.776,-40.339],[175.7792,-40.3454],[175.7739,-40.3503],[175.7736,-40.3554],[175.7604,-40.3658],[175.7673,-40.3705],[175.7664,-40.3726],[175.7525,-40.3767],[175.7466,-40.3867],[175.7333,-40.3917],[175.7326,-40.3992],[175.7237,-40.4024],[175.7252,-40.41],[175.7297,-40.4125],[175.7228,-40.4187],[175.7224,-40.4245],[175.7056,-40.4327],[175.7146,-40.4378],[175.6892,-40.4656],[175.683,-40.4667],[175.6253,-40.5101],[175.6093,-40.5026],[175.5843,-40.5297],[175.5762,-40.5236],[175.5691,-40.5241],[175.5677,-40.5182],[175.5718,-40.512],[175.5653,-40.5089],[175.5611,-40.5179],[175.5544,-40.519],[175.5548,-40.5237],[175.534,-40.5384],[175.5285,-40.5454],[175.5306,-40.5473],[175.5287,-40.5497],[175.5193,-40.5543],[175.5138,-40.5502],[175.4991,-40.5534],[175.4958,-40.5511],[175.4791,-40.5517],[175.4745,-40.5552],[175.4411,-40.5262],[175.4161,-40.5429],[175.4077,-40.5387],[175.4094,-40.542],[175.3987,-40.5495],[175.4023,-40.5513],[175.37,-40.5548],[175.3588,-40.5629],[175.3668,-40.5383],[175.3691,-40.5435],[175.3755,-40.5351],[175.3864,-40.5363],[175.3895,-40.5336],[175.3872,-40.5273],[175.3989,-40.5277],[175.4047,-40.5212],[175.3988,-40.5149],[175.4021,-40.4981],[175.394,-40.4946],[175.3852,-40.4952],[175.3893,-40.4883],[175.3818,-40.4826],[175.3773,-40.4834],[175.377,-40.4897],[175.3733,-40.4911],[175.3666,-40.4878],[175.3647,-40.4817],[175.3772,-40.4782],[175.3857,-40.4691],[175.3898,-40.4752],[175.3964,-40.4746],[175.3941,-40.4677],[175.4033,-40.459],[175.4141,-40.4548],[175.4128,-40.4469],[175.4239,-40.4432],[175.427,-40.436],[175.4455,-40.4376],[175.4493,-40.4286],[175.4608,-40.4223],[175.4752,-40.376],[175.4659,-40.3745],[175.4595,-40.3693],[175.4649,-40.362],[175.4544,-40.3602],[175.4519,-40.3507],[175.4452,-40.3491],[175.4443,-40.3451],[175.4493,-40.3407],[175.4367,-40.3342],[175.4343,-40.3378],[175.4116,-40.3322],[175.4208,-40.3143],[175.3832,-40.3045],[175.4003,-40.2845],[175.3725,-40.2751],[175.4039,-40.2416],[175.3875,-40.2315],[175.4096,-40.2105],[175.393,-40.2002],[175.3878,-40.1881],[175.3994,-40.1866],[175.399,-40.1828],[175.4061,-40.1754],[175.4184,-40.1715],[175.4219,-40.1612],[175.4339,-40.1631],[175.4331,-40.1588],[175.4481,-40.1662],[175.4493,-40.1625],[175.4686,-40.1683],[175.468,-40.1756],[175.4744,-40.1918],[175.4797,-40.1952],[175.481,-40.2],[175.4964,-40.2033],[175.5048,-40.224],[175.519,-40.2326],[175.5239,-40.2339],[175.5324,-40.2048],[175.5471,-40.2074],[175.5438,-40.2182],[175.5368,-40.216],[175.5332,-40.2286],[175.5377,-40.2298],[175.5368,-40.2328],[175.5415,-40.2365],[175.5379,-40.24],[175.5416,-40.2423],[175.5399,-40.2466],[175.5454,-40.246],[175.5466,-40.2493],[175.5519,-40.2505],[175.5667,-40.2443],[175.5783,-40.2468],[175.5811,-40.2439],[175.5845,-40.2468],[175.5905,-40.2402],[175.5878,-40.2378],[175.5907,-40.2355],[175.5805,-40.2283],[175.5857,-40.2181],[175.6032,-40.2162],[175.6097,-40.2207],[175.611,-40.2175],[175.6074,-40.2145],[175.6094,-40.2114],[175.6145,-40.2135],[175.621,-40.2112],[175.6264,-40.2044],[175.636,-40.2083],[175.6362,-40.2017],[175.644,-40.1997],[175.639,-40.1886],[175.6467,-40.1849],[175.6478,-40.1794],[175.6529,-40.1801],[175.6519,-40.175],[175.6659,-40.1726],[175.6646,-40.1616],[175.6699,-40.1608],[175.6726,-40.1556],[175.6815,-40.1546],[175.6939,-40.138],[175.7077,-40.1396],[175.7102,-40.1437],[175.7167,-40.1365],[175.7215,-40.1378],[175.7307,-40.1322],[175.7352,-40.1395],[175.7432,-40.1428],[175.7526,-40.1269],[175.7561,-40.1274],[175.7563,-40.1235],[175.7621,-40.1235],[175.7679,-40.1298],[175.7857,-40.1349],[175.7866,-40.14],[175.7985,-40.1427],[175.7995,-40.1471],[175.8075,-40.1503],[175.8068,-40.1536],[175.8363,-40.1535],[175.8347,-40.1552],[175.839,-40.158],[175.917,-40.1744],[175.8983,-40.1847],[175.8984,-40.1921],[175.8937,-40.2005],[175.8738,-40.2161],[175.8693,-40.2274],[175.8722,-40.2335],[175.8643,-40.2405],[175.8625,-40.244],[175.867,-40.2463],[175.8595,-40.2544],[175.8415,-40.2461],[175.8275,-40.262],[175.8275,-40.2472],[175.815,-40.2472],[175.8146,-40.2722],[175.8051,-40.265],[175.7711,-40.3057],[175.7581,-40.2999],[175.7669,-40.2957],[175.771,-40.281],[175.7486,-40.2808],[175.7505,-40.2945],[175.7459,-40.2965],[175.7457,-40.2998],[175.751,-40.2997],[175.7589,-40.3065],[175.7706,-40.3062]],[[175.6298,-40.2925],[175.6165,-40.2995],[175.6182,-40.3048],[175.6131,-40.3096],[175.6095,-40.3077],[175.5899,-40.321],[175.6002,-40.3299],[175.5973,-40.3314],[175.5989,-40.3333],[175.5783,-40.3465],[175.5784,-40.3516],[175.5605,-40.3618],[175.5678,-40.3755],[175.5618,-40.3785],[175.5726,-40.3927],[175.5642,-40.3964],[175.579,-40.41],[175.5973,-40.4211],[175.6033,-40.4178],[175.6004,-40.4134],[175.6374,-40.3905],[175.6468,-40.4023],[175.6558,-40.408],[175.6706,-40.4014],[175.6613,-40.3905],[175.6744,-40.3799],[175.6665,-40.3759],[175.6621,-40.3694],[175.6685,-40.3617],[175.664,-40.3603],[175.661,-40.3487],[175.6519,-40.35],[175.646,-40.3422],[175.677,-40.3266],[175.6671,-40.314],[175.642,-40.3253],[175.6317,-40.3217],[175.6325,-40.2906],[175.6298,-40.2925]]]}},{"type":"Feature","properties":{"area_code":"24","area_name":"Christchurch","fua_code":"1005","fua_name":"Christchurch"},"geometry":{"type":"Polygon","coordinates":[[[172.6466,-43.4346],[172.6473,-43.4436],[172.6537,-43.4408],[172.6545,-43.4471],[172.6566,-43.4465],[172.6583,-43.463],[172.6642,-43.4594],[172.6734,-43.4611],[172.6762,-43.4583],[172.6805,-43.4635],[172.6797,-43.4749],[172.6981,-43.4693],[172.722,-43.4772],[172.7337,-43.5116],[172.754,-43.5562],[172.7506,-43.5611],[172.7459,-43.5606],[172.7471,-43.5524],[172.7417,-43.5397],[172.7341,-43.5373],[172.7303,-43.5306],[172.7321,-43.5282],[172.7243,-43.5251],[172.7214,-43.5256],[172.7257,-43.529],[172.7202,-43.5416],[172.7151,-43.5479],[172.7056,-43.5485],[172.7033,-43.5551],[172.7085,-43.5583],[172.7157,-43.5554],[172.7277,-43.5561],[172.7233,-43.5562],[172.7264,-43.5599],[172.731,-43.5567],[172.7278,-43.5562],[172.7369,-43.5558],[172.7442,-43.5662],[172.75,-43.5635],[172.76,-43.5659],[172.7693,-43.573],[172.7758,-43.569],[172.7771,-43.5784],[172.7798,-43.5783],[172.7761,-43.5808],[172.7782,-43.5853],[172.7737,-43.5866],[172.7739,-43.581],[172.7684,-43.5823],[172.7643,-43.5794],[172.7526,-43.5864],[172.7473,-43.5842],[172.7508,-43.5823],[172.7391,-43.5753],[172.7411,-43.5731],[172.7299,-43.5729],[172.7277,-43.5778],[172.721,-43.5768],[172.723,-43.5829],[172.7117,-43.5877],[172.71,-43.5837],[172.7069,-43.5878],[172.7019,-43.5767],[172.6966,-43.5824],[172.6919,-43.5814],[172.6909,-43.5764],[172.6858,-43.5765],[172.6807,-43.582],[172.678,-43.5663],[172.667,-43.5647],[172.664,-43.567],[172.6645,-43.573],[172.6547,-43.5723],[172.6545,-43.58],[172.6517,-43.5805],[172.6521,-43.5766],[172.648,-43.5773],[172.652,-43.5893],[172.6439,-43.5887],[172.6428,-43.5818],[172.612,-43.5941],[172.6229,-43.6004],[172.6263,-43.609],[172.6146,-43.6016],[172.6086,-43.6051],[172.6067,-43.602],[172.602,-43.6064],[172.5907,-43.6019],[172.585,-43.6029],[172.588,-43.6108],[172.6039,-43.6172],[172.6074,-43.6213],[172.6051,-43.622],[172.6151,-43.6264],[172.6132,-43.6286],[172.5863,-43.6164],[172.5698,-43.6215],[172.5683,-43.6069],[172.5525,-43.6049],[172.5609,-43.5985],[172.5544,-43.5964],[172.5504,-43.5991],[172.5488,-43.5936],[172.5374,-43.5865],[172.533,-43.5883],[172.5186,-43.5741],[172.5219,-43.57],[172.4967,-43.5583],[172.4868,-43.5503],[172.4755,-43.5564],[172.4711,-43.5552],[172.4578,-43.5603],[172.424,-43.5127],[172.4296,-43.4962],[172.4771,-43.5072],[172.496,-43.5007],[172.5134,-43.5047],[172.5209,-43.4917],[172.5156,-43.4812],[172.5187,-43.4768],[172.5329,-43.4758],[172.5371,-43.4701],[172.566,-43.4687],[172.5699,-43.4612],[172.584,-43.4566],[172.5835,-43.4511],[172.5777,-43.4487],[172.5802,-43.4454],[172.5949,-43.4484],[172.593,-43.4436],[172.6094,-43.4386],[172.6147,-43.4462],[172.6246,-43.4385],[172.6466,-43.4346]],[[172.6916,-43.5544],[172.7001,-43.5599],[172.7025,-43.5657],[172.7091,-43.5607],[172.7091,-43.5585],[172.7051,-43.5602],[172.6916,-43.5544]]]}},{"type":"Feature","properties":{"area_code":"25","area_name":"Christchurch","fua_code":"1005","fua_name":"Christchurch"},"geometry":{"type":"MultiPolygon","coordinates":[[[[172.387,-43.5733],[172.3891,-43.5763],[172.3922,-43.5751],[172.396,-43.5835],[172.3919,-43.5858],[172.4101,-43.5818],[172.412,-43.5901],[172.4296,-43.6116],[172.3781,-43.6334],[172.3519,-43.6012],[172.3756,-43.592],[172.3564,-43.5804],[172.3626,-43.5746],[172.3686,-43.5779],[172.3747,-43.5722],[172.3793,-43.5749],[172.387,-43.5733]]],[[[172.6727,-43.3558],[172.6798,-43.3572],[172.6797,-43.3621],[172.6743,-43.3614],[172.6673,-43.3748],[172.6748,-43.3758],[172.6736,-43.3885],[172.681,-43.3906],[172.6467,-43.415],[172.6403,-43.3917],[172.6448,-43.3864],[172.6312,-43.3834],[172.633,-43.3753],[172.6475,-43.3728],[172.6534,-43.3607],[172.6632,-43.3518],[172.6727,-43.3558]]],[[[172.596,-43.2836],[172.6017,-43.2909],[172.6126,-43.292],[172.6134,-43.3011],[172.622,-43.3027],[172.6171,-43.3092],[172.6256,-43.3125],[172.6017,-43.3175],[172.6029,-43.3296],[172.6164,-43.344],[172.5857,-43.33],[172.5838,-43.322],[172.569,-43.3202],[172.5625,-43.2937],[172.5599,-43.294],[172.5613,-43.2886],[172.5869,-43.289],[172.5841,-43.2811],[172.5941,-43.2809],[172.596,-43.2836]]]]}},{"type":"Feature","properties":{"area_code":"26","area_name":"Christchurch","fua_code":"1005","fua_name":"Christchurch"},"geometry":{"type":"MultiPolygon","coordinates":[[[[172.1136,-43.4776],[172.1102,-43.4831],[172.1398,-43.4922],[172.0986,-43.5112],[172.0799,-43.5143],[172.0694,-43.5068],[172.0621,-43.5056],[172.0607,-43.5015],[172.0649,-43.4964],[172.0613,-43.4928],[172.0597,-43.4813],[172.0963,-43.4777],[172.1011,-43.4737],[172.1136,-43.4776]]],[[[172.295,-43.7468],[172.3014,-43.7517],[172.3088,-43.7511],[172.3043,-43.7533],[172.3076,-43.757],[172.3003,-43.7651],[172.3032,-43.767],[172.2906,-43.7721],[172.285,-43.7668],[172.2857,-43.7623],[172.2929,-43.762],[172.2915,-43.757],[172.301,-43.7572],[172.2907,-43.7503],[172.295,-43.7468]]],[[[172.7431,-43.622],[172.7447,-43.634],[172.7483,-43.6387],[172.7536,-43.6374],[172.7528,-43.6404],[172.7488,-43.6416],[172.7415,-43.6328],[172.7248,-43.6353],[172.7231,-43.6384],[172.7165,-43.6381],[172.7094,-43.6503],[172.7059,-43.6504],[172.7146,-43.6362],[172.7105,-43.6357],[172.7115,-43.6336],[172.7208,-43.6334],[172.7185,-43.6249],[172.7343,-43.6271],[172.7383,-43.6258],[172.7364,-43.6228],[172.7431,-43.622]]],[[[172.504,-43.6489],[172.495,-43.6624],[172.4898,-43.6533],[172.4818,-43.6508],[172.4542,-43.657],[172.4509,-43.6518],[172.4645,-43.6502],[172.4572,-43.6435],[172.4705,-43.6419],[172.4811,-43.6196],[172.4968,-43.6259],[172.494,-43.6298],[172.5099,-43.6394],[172.504,-43.6489]]],[[[172.2972,-43.6219],[172.2913,-43.615],[172.3094,-43.6081],[172.3146,-43.6153],[172.2972,-43.6219]]],[[[172.728,-43.5953],[172.7317,-43.5964],[172.7271,-43.6004],[172.7263,-43.6072],[172.7372,-43.6049],[172.7391,-43.609],[172.7336,-43.6105],[172.7328,-43.6084],[172.7178,-43.6094],[172.7237,-43.6069],[172.7167,-43.604],[172.7114,-43.6063],[172.716,-43.6086],[172.7059,-43.6128],[172.6935,-43.6055],[172.6876,-43.6094],[172.6755,-43.6072],[172.6805,-43.6031],[172.6885,-43.6024],[172.6893,-43.5976],[172.6969,-43.5965],[172.6951,-43.6021],[172.699,-43.6031],[172.7119,-43.5985],[172.7135,-43.5947],[172.7205,-43.5958],[172.7223,-43.5921],[172.728,-43.5953]]],[[[172.5171,-43.5759],[172.5234,-43.5823],[172.5182,-43.5865],[172.5235,-43.5912],[172.5104,-43.5914],[172.5113,-43.5959],[172.4986,-43.5899],[172.5032,-43.5839],[172.4907,-43.5775],[172.5034,-43.5642],[172.5219,-43.57],[172.5171,-43.5759]]],[[[172.3783,-43.5231],[172.3841,-43.5226],[172.3863,-43.5311],[172.3832,-43.5349],[172.3775,-43.5348],[172.3698,-43.524],[172.3697,-43.5284],[172.3634,-43.5277],[172.3635,-43.5239],[172.3597,-43.5239],[172.3601,-43.5118],[172.3785,-43.5161],[172.3783,-43.5231]]],[[[172.7106,-43.3057],[172.7165,-43.3073],[172.713,-43.3222],[172.6991,-43.3227],[172.6988,-43.3195],[172.6776,-43.3181],[172.682,-43.3232],[172.6796,-43.3289],[172.6842,-43.3288],[172.6864,-43.3344],[172.6707,-43.3342],[172.6657,-43.3287],[172.6603,-43.3314],[172.6476,-43.3179],[172.6583,-43.3086],[172.654,-43.3069],[172.664,-43.3023],[172.677,-43.3073],[172.6833,-43.3022],[172.6908,-43.3056],[172.7018,-43.2978],[172.7115,-43.3022],[172.7106,-43.3057]]],[[[172.7047,-43.2805],[172.7236,-43.284],[172.7205,-43.2927],[172.7143,-43.2916],[172.7159,-43.2875],[172.6989,-43.2904],[172.6983,-43.2868],[172.7019,-43.2863],[172.7007,-43.2839],[172.7047,-43.2805]]]]}},{"type":"Feature","properties":{"area_code":"27","area_name":"Christchurch","fua_code":"1005","fua_name":"Christchurch"},"geometry":{"type":"MultiPolygon","coordinates":[[[[172.7163,-43.1494],[172.7239,-43.1534],[172.7207,-43.1568],[172.7244,-43.1659],[172.7325,-43.1672],[172.731,-43.1654],[172.7429,-43.1612],[172.7403,-43.1573],[172.7761,-43.1744],[172.7797,-43.1696],[172.7827,-43.1707],[172.7398,-43.2415],[172.7236,-43.284],[172.7042,-43.2804],[172.7019,-43.2863],[172.6983,-43.2868],[172.6995,-43.2904],[172.7159,-43.2875],[172.7143,-43.2916],[172.7205,-43.2927],[172.7165,-43.3073],[172.7018,-43.2978],[172.6908,-43.3056],[172.6833,-43.3022],[172.677,-43.3073],[172.664,-43.3023],[172.654,-43.3069],[172.6583,-43.3086],[172.6476,-43.3179],[172.6603,-43.3314],[172.6661,-43.3287],[172.6708,-43.3342],[172.6864,-43.3344],[172.6842,-43.3288],[172.6796,-43.3289],[172.682,-43.3232],[172.6784,-43.3178],[172.6988,-43.3195],[172.6991,-43.3227],[172.7125,-43.3223],[172.7087,-43.3588],[172.7112,-43.3904],[172.702,-43.3908],[172.7053,-43.4054],[172.7017,-43.4074],[172.701,-43.4186],[172.7061,-43.4287],[172.71,-43.4237],[172.7044,-43.3919],[172.7113,-43.3914],[172.714,-43.4356],[172.722,-43.4772],[172.6981,-43.4693],[172.6797,-43.4749],[172.6805,-43.4635],[172.6762,-43.4583],[172.6734,-43.4611],[172.6642,-43.4594],[172.6583,-43.463],[172.6566,-43.4465],[172.6545,-43.4471],[172.6537,-43.4408],[172.6473,-43.4436],[172.6466,-43.4346],[172.6246,-43.4385],[172.6147,-43.4462],[172.6094,-43.4386],[172.593,-43.4436],[172.5949,-43.4484],[172.5802,-43.4454],[172.5777,-43.4487],[172.5835,-43.4511],[172.584,-43.4566],[172.5699,-43.4612],[172.566,-43.4687],[172.5371,-43.4701],[172.5329,-43.4758],[172.5174,-43.4775],[172.5157,-43.4819],[172.5209,-43.4917],[172.5134,-43.5047],[172.496,-43.5007],[172.4771,-43.5072],[172.4296,-43.4962],[172.424,-43.5127],[172.4578,-43.5603],[172.4711,-43.5552],[172.4755,-43.5564],[172.4868,-43.5503],[172.5105,-43.5651],[172.5034,-43.5642],[172.4907,-43.5775],[172.5032,-43.5839],[172.4986,-43.5899],[172.5113,-43.5959],[172.5104,-43.5914],[172.5235,-43.5912],[172.5182,-43.5865],[172.5234,-43.5823],[172.5157,-43.5773],[172.5186,-43.5741],[172.533,-43.5883],[172.5374,-43.5865],[172.5487,-43.5935],[172.5502,-43.599],[172.5544,-43.5964],[172.5609,-43.5985],[172.5525,-43.6049],[172.5683,-43.6069],[172.5698,-43.6215],[172.5863,-43.6164],[172.6132,-43.6286],[172.6151,-43.6264],[172.6051,-43.622],[172.6074,-43.6213],[172.6039,-43.6172],[172.588,-43.6108],[172.585,-43.6029],[172.5907,-43.6019],[172.602,-43.6064],[172.6067,-43.602],[172.6086,-43.6051],[172.6146,-43.6016],[172.6263,-43.609],[172.6229,-43.6004],[172.612,-43.5941],[172.6428,-43.5818],[172.6439,-43.5887],[172.652,-43.5893],[172.648,-43.5773],[172.6521,-43.5766],[172.6517,-43.5805],[172.6545,-43.58],[172.6547,-43.5723],[172.6645,-43.573],[172.664,-43.567],[172.6677,-43.5646],[172.678,-43.5663],[172.6807,-43.582],[172.6858,-43.5765],[172.6909,-43.5764],[172.6919,-43.5814],[172.6966,-43.5824],[172.7019,-43.5767],[172.7069,-43.5878],[172.71,-43.5837],[172.7117,-43.5877],[172.723,-43.5829],[172.721,-43.5768],[172.7277,-43.5778],[172.7299,-43.5729],[172.7411,-43.5731],[172.7391,-43.5753],[172.7508,-43.5823],[172.7473,-43.5842],[172.7526,-43.5864],[172.7643,-43.5794],[172.7684,-43.5823],[172.7739,-43.581],[172.7737,-43.5866],[172.7848,-43.5833],[172.7841,-43.5864],[172.7893,-43.5855],[172.7979,-43.5812],[172.8079,-43.5867],[172.804,-43.593],[172.7724,-43.5986],[172.7514,-43.5975],[172.7321,-43.6074],[172.7262,-43.6069],[172.7271,-43.6004],[172.7317,-43.5964],[172.7223,-43.5921],[172.7205,-43.5958],[172.7135,-43.5947],[172.7051,-43.6023],[172.6951,-43.6021],[172.6969,-43.5965],[172.6893,-43.5976],[172.6885,-43.6024],[172.6778,-43.6045],[172.6755,-43.6072],[172.6786,-43.6079],[172.6725,-43.6134],[172.6519,-43.6212],[172.6525,-43.6319],[172.6469,-43.6348],[172.65,-43.6406],[172.6575,-43.6399],[172.6615,-43.6339],[172.6683,-43.6309],[172.6674,-43.6365],[172.6641,-43.6379],[172.6662,-43.6408],[172.6586,-43.6444],[172.6609,-43.6478],[172.6575,-43.6515],[172.6607,-43.6512],[172.6607,-43.6538],[172.6577,-43.66],[172.6637,-43.6546],[172.6645,-43.6604],[172.6609,-43.6678],[172.6678,-43.6601],[172.6704,-43.6664],[172.6744,-43.6644],[172.6728,-43.6598],[172.6828,-43.6456],[172.6818,-43.6365],[172.6884,-43.6387],[172.6858,-43.6477],[172.6926,-43.6565],[172.7093,-43.6504],[172.7185,-43.6368],[172.7231,-43.6384],[172.7247,-43.6353],[172.7415,-43.6328],[172.7442,-43.6356],[172.7424,-43.6436],[172.7327,-43.6436],[172.7327,-43.6469],[172.7368,-43.6688],[172.7336,-43.6731],[172.7437,-43.6891],[172.7105,-43.6951],[172.6623,-43.6877],[172.6621,-43.6948],[172.6504,-43.7022],[172.6517,-43.7084],[172.6225,-43.7288],[172.625,-43.7359],[172.6106,-43.7439],[172.619,-43.7557],[172.629,-43.7585],[172.6419,-43.7687],[172.6442,-43.7761],[172.6546,-43.7738],[172.6541,-43.7769],[172.6393,-43.7788],[172.6428,-43.7761],[172.6296,-43.765],[172.6043,-43.7564],[172.5935,-43.7592],[172.588,-43.7649],[172.5858,-43.7613],[172.5754,-43.7615],[172.573,-43.7684],[172.5635,-43.7693],[172.5538,-43.7642],[172.5524,-43.7672],[172.5461,-43.76],[172.5439,-43.7623],[172.5341,-43.75],[172.5261,-43.747],[172.5163,-43.7374],[172.5166,-43.7403],[172.5135,-43.7388],[172.5087,-43.7323],[172.4983,-43.7328],[172.5063,-43.7272],[172.5034,-43.7252],[172.4958,-43.7248],[172.4895,-43.7291],[172.4908,-43.7245],[172.4677,-43.7212],[172.4706,-43.7173],[172.4658,-43.7162],[172.456,-43.727],[172.4572,-43.7221],[172.454,-43.7229],[172.4506,-43.717],[172.4483,-43.7206],[172.4519,-43.7215],[172.4478,-43.7226],[172.4475,-43.7281],[172.4433,-43.7289],[172.452,-43.7372],[172.4486,-43.7447],[172.4441,-43.7411],[172.4401,-43.7423],[172.4219,-43.7234],[172.4167,-43.7223],[172.416,-43.731],[172.4073,-43.7339],[172.3925,-43.7494],[172.388,-43.7502],[172.3762,-43.7699],[172.3544,-43.7839],[172.3559,-43.7858],[172.35,-43.7888],[172.3525,-43.7902],[172.3454,-43.7904],[172.3561,-43.7921],[172.3501,-43.7947],[172.3548,-43.7975],[172.3761,-43.7974],[172.3667,-43.8015],[172.3749,-43.8023],[172.3637,-43.8136],[172.3639,-43.819],[172.3608,-43.8215],[172.3507,-43.8136],[172.3242,-43.8157],[172.2984,-43.8229],[172.2748,-43.8068],[172.2598,-43.8096],[172.2627,-43.816],[172.2582,-43.8195],[172.261,-43.823],[172.26,-43.8348],[172.2267,-43.8336],[172.2103,-43.8389],[172.1912,-43.8051],[172.2156,-43.7909],[172.2417,-43.7819],[172.1943,-43.6944],[172.0579,-43.7405],[172.0411,-43.752],[172.0307,-43.7494],[172.09,-43.6997],[172.1145,-43.6904],[172.1794,-43.6319],[172.2117,-43.6361],[172.2331,-43.6461],[172.2465,-43.6411],[172.1558,-43.5437],[172.0892,-43.5509],[172.084,-43.5334],[172.0865,-43.5196],[172.0799,-43.5143],[172.1007,-43.5109],[172.1398,-43.4922],[172.1102,-43.4831],[172.1136,-43.4776],[172.1011,-43.4737],[172.0963,-43.4777],[172.0618,-43.4807],[172.0612,-43.4837],[172.0168,-43.4775],[172.0152,-43.4751],[172.0252,-43.4606],[172.03,-43.4387],[172.0584,-43.44],[172.0622,-43.4363],[172.0661,-43.441],[172.127,-43.424],[172.1321,-43.4178],[172.1933,-43.4432],[172.296,-43.4601],[172.3945,-43.4559],[172.4332,-43.4476],[172.4699,-43.3949],[172.4564,-43.3945],[172.4282,-43.3842],[172.4198,-43.3843],[172.4109,-43.3776],[172.3993,-43.3747],[172.3937,-43.3858],[172.4168,-43.3916],[172.41,-43.4054],[172.3551,-43.4088],[172.3322,-43.4029],[172.329,-43.41],[172.2863,-43.3972],[172.2899,-43.3922],[172.2589,-43.385],[172.2782,-43.3532],[172.2708,-43.3477],[172.2965,-43.3058],[172.3259,-43.3087],[172.3278,-43.2975],[172.33,-43.298],[172.3302,-43.29],[172.3198,-43.2896],[172.3201,-43.284],[172.3096,-43.2816],[172.308,-43.2852],[172.2985,-43.2628],[172.3197,-43.2513],[172.3396,-43.2464],[172.3706,-43.2586],[172.3939,-43.257],[172.3658,-43.2372],[172.3516,-43.2309],[172.3443,-43.2207],[172.3319,-43.2113],[172.3375,-43.1967],[172.3682,-43.1973],[172.3786,-43.1929],[172.3821,-43.1851],[172.3791,-43.1827],[172.3847,-43.1708],[172.3901,-43.1671],[172.3892,-43.1611],[172.3947,-43.1495],[172.3852,-43.1402],[172.3999,-43.1499],[172.4143,-43.1689],[172.4282,-43.1742],[172.4304,-43.1817],[172.4407,-43.1871],[172.4471,-43.1965],[172.4526,-43.1972],[172.4576,-43.2052],[172.4756,-43.1951],[172.4889,-43.1697],[172.5137,-43.1665],[172.5211,-43.1617],[172.5197,-43.1599],[172.5259,-43.1551],[172.5279,-43.1476],[172.5377,-43.1481],[172.5428,-43.1383],[172.5472,-43.1499],[172.5555,-43.1518],[172.5575,-43.161],[172.5695,-43.1695],[172.5954,-43.1623],[172.5999,-43.1578],[172.6095,-43.1589],[172.6113,-43.1641],[172.618,-43.1658],[172.6149,-43.1683],[172.6237,-43.1737],[172.6198,-43.1749],[172.6221,-43.1809],[172.6274,-43.1813],[172.6289,-43.1851],[172.699,-43.1984],[172.7023,-43.1833],[172.6913,-43.1524],[172.6917,-43.1362],[172.681,-43.1275],[172.7102,-43.142],[172.7163,-43.1494]]],[[[172.5841,-43.2811],[172.5869,-43.289],[172.5613,-43.2886],[172.562,-43.2917],[172.5593,-43.2917],[172.5625,-43.2937],[172.569,-43.3202],[172.5838,-43.322],[172.5857,-43.33],[172.6164,-43.344],[172.6029,-43.3296],[172.6017,-43.3175],[172.6256,-43.3125],[172.6171,-43.3092],[172.622,-43.3027],[172.6134,-43.3011],[172.6126,-43.292],[172.6017,-43.2909],[172.5958,-43.2813],[172.5841,-43.2811]]],[[[172.6499,-43.3673],[172.6475,-43.3728],[172.6346,-43.3738],[172.6305,-43.3821],[172.6448,-43.3864],[172.6403,-43.3917],[172.6467,-43.415],[172.681,-43.3906],[172.6736,-43.3885],[172.6748,-43.3758],[172.6673,-43.3748],[172.6743,-43.3614],[172.6797,-43.3621],[172.6798,-43.3572],[172.6632,-43.3518],[172.6499,-43.3673]]],[[[172.3696,-43.5284],[172.3698,-43.524],[172.3775,-43.5348],[172.3832,-43.5349],[172.3863,-43.5311],[172.3841,-43.5226],[172.3783,-43.5232],[172.3785,-43.5161],[172.3601,-43.5118],[172.3597,-43.5239],[172.3696,-43.5284]]],[[[172.3862,-43.5722],[172.3793,-43.5749],[172.3747,-43.5722],[172.3686,-43.5779],[172.3626,-43.5746],[172.3564,-43.5804],[172.3756,-43.592],[172.3519,-43.6012],[172.3781,-43.6334],[172.4296,-43.6116],[172.412,-43.5901],[172.4101,-43.5818],[172.3919,-43.5858],[172.396,-43.5835],[172.3922,-43.5751],[172.3891,-43.5763],[172.3862,-43.5722]]],[[[172.4756,-43.6288],[172.4705,-43.6419],[172.4572,-43.6435],[172.4645,-43.6502],[172.451,-43.6523],[172.4542,-43.657],[172.4818,-43.6508],[172.4898,-43.6533],[172.495,-43.6624],[172.5099,-43.6394],[172.494,-43.6298],[172.4968,-43.6259],[172.4811,-43.6196],[172.4756,-43.6288]]],[[[172.3105,-43.6095],[172.2913,-43.615],[172.2964,-43.6222],[172.3146,-43.6153],[172.3105,-43.6095]]],[[[172.2936,-43.7523],[172.301,-43.7572],[172.2915,-43.757],[172.2929,-43.762],[172.2857,-43.7623],[172.285,-43.7668],[172.2906,-43.7721],[172.3032,-43.767],[172.3003,-43.7651],[172.3076,-43.757],[172.3043,-43.7533],[172.3088,-43.7511],[172.3014,-43.7517],[172.295,-43.7468],[172.2907,-43.7503],[172.2936,-43.7523]]],[[[172.6916,-43.6229],[172.7,-43.6277],[172.6998,-43.6305],[172.6916,-43.6302],[172.6893,-43.6333],[172.6833,-43.6302],[172.6835,-43.6268],[172.6916,-43.6229]]]]}},{"type":"Feature","properties":{"area_code":"28","area_name":"Dunedin","fua_code":"1006","fua_name":"Dunedin"},"geometry":{"type":"MultiPolygon","coordinates":[[[[170.6086,-45.8002],[170.612,-45.8056],[170.6272,-45.8022],[170.6286,-45.8041],[170.624,-45.8063],[170.6284,-45.8086],[170.6239,-45.8145],[170.6292,-45.8139],[170.6289,-45.8196],[170.6232,-45.8195],[170.6179,-45.8276],[170.6147,-45.8248],[170.6171,-45.8215],[170.6119,-45.8194],[170.6011,-45.8254],[170.6054,-45.8281],[170.6023,-45.831],[170.5938,-45.8277],[170.5682,-45.8617],[170.519,-45.8743],[170.5071,-45.8834],[170.512,-45.8916],[170.519,-45.8934],[170.5266,-45.8821],[170.5318,-45.8801],[170.5738,-45.8792],[170.5968,-45.8696],[170.5973,-45.8608],[170.6008,-45.8579],[170.5981,-45.8541],[170.6025,-45.8456],[170.6156,-45.8493],[170.6243,-45.847],[170.6229,-45.8441],[170.6328,-45.8463],[170.6317,-45.8441],[170.6412,-45.8428],[170.6437,-45.8381],[170.6511,-45.8393],[170.6405,-45.8288],[170.6423,-45.8243],[170.6559,-45.8318],[170.6545,-45.8363],[170.6624,-45.8362],[170.665,-45.8393],[170.6563,-45.8427],[170.6595,-45.8444],[170.6427,-45.8452],[170.6341,-45.848],[170.6361,-45.8512],[170.6173,-45.8562],[170.6133,-45.8533],[170.6048,-45.854],[170.6033,-45.8579],[170.607,-45.8612],[170.6006,-45.8604],[170.5996,-45.8627],[170.6025,-45.863],[170.601,-45.8706],[170.6057,-45.8715],[170.591,-45.8738],[170.5914,-45.8764],[170.5751,-45.8826],[170.5526,-45.8829],[170.5403,-45.9027],[170.5521,-45.9018],[170.5564,-45.9043],[170.5537,-45.9077],[170.4938,-45.9116],[170.4812,-45.919],[170.4397,-45.9242],[170.4323,-45.9323],[170.4255,-45.9288],[170.3895,-45.9312],[170.4013,-45.9138],[170.3933,-45.9051],[170.3906,-45.9076],[170.3853,-45.9017],[170.3781,-45.901],[170.3963,-45.8937],[170.4015,-45.8945],[170.4001,-45.8927],[170.4163,-45.8863],[170.4228,-45.8881],[170.4201,-45.8897],[170.4225,-45.894],[170.4412,-45.8942],[170.4524,-45.8883],[170.4558,-45.8917],[170.4667,-45.8788],[170.458,-45.8752],[170.4578,-45.871],[170.4484,-45.87],[170.4537,-45.8641],[170.4635,-45.8601],[170.4595,-45.8574],[170.4612,-45.85],[170.47,-45.8517],[170.487,-45.8418],[170.4942,-45.8441],[170.4862,-45.8359],[170.4901,-45.8336],[170.4987,-45.8336],[170.5023,-45.8371],[170.4994,-45.8384],[170.5054,-45.8388],[170.5098,-45.8481],[170.5162,-45.841],[170.5258,-45.8367],[170.5329,-45.8434],[170.5507,-45.8337],[170.5594,-45.8366],[170.5522,-45.8376],[170.5499,-45.8397],[170.552,-45.8413],[170.5444,-45.8459],[170.552,-45.8518],[170.5765,-45.8352],[170.5741,-45.8333],[170.5783,-45.8307],[170.5695,-45.8276],[170.5942,-45.8219],[170.5886,-45.8148],[170.6086,-45.8002]]],[[[170.519,-45.8938],[170.5282,-45.8926],[170.5215,-45.891],[170.519,-45.8938]]],[[[170.6408,-45.8377],[170.6413,-45.8385],[170.6399,-45.8387],[170.6408,-45.8377]]],[[[170.632,-45.826],[170.638,-45.829],[170.6324,-45.8304],[170.6287,-45.827],[170.632,-45.826]]],[[[170.6261,-45.8227],[170.6265,-45.826],[170.6249,-45.8245],[170.6261,-45.8227]]]]}},{"type":"Feature","properties":{"area_code":"29","area_name":"Dunedin","fua_code":"1006","fua_name":"Dunedin"},"geometry":{"type":"Polygon","coordinates":[[[170.3863,-45.854],[170.4049,-45.865],[170.4058,-45.8704],[170.4108,-45.8727],[170.3976,-45.8796],[170.3922,-45.878],[170.3669,-45.8852],[170.3688,-45.8885],[170.3584,-45.8916],[170.3595,-45.8967],[170.3454,-45.8973],[170.3417,-45.9014],[170.3326,-45.8996],[170.3345,-45.8985],[170.331,-45.8924],[170.3473,-45.8878],[170.3406,-45.8764],[170.3334,-45.8784],[170.3293,-45.8713],[170.355,-45.8649],[170.3515,-45.8589],[170.348,-45.8599],[170.3462,-45.8569],[170.384,-45.8496],[170.3863,-45.854]]]}},{"type":"Feature","properties":{"area_code":"30","area_name":"Dunedin","fua_code":"1006","fua_name":"Dunedin"},"geometry":{"type":"MultiPolygon","coordinates":[[[[170.6874,-45.5833],[170.6849,-45.5868],[170.6928,-45.5868],[170.6929,-45.5976],[170.7027,-45.5976],[170.6896,-45.612],[170.6838,-45.6119],[170.6761,-45.6054],[170.6833,-45.6027],[170.6764,-45.6031],[170.6771,-45.5996],[170.6741,-45.5984],[170.6709,-45.6077],[170.6808,-45.6082],[170.6824,-45.6123],[170.6698,-45.6181],[170.6617,-45.6094],[170.6557,-45.5992],[170.6595,-45.5975],[170.6563,-45.5959],[170.6607,-45.5909],[170.6741,-45.5898],[170.6846,-45.5818],[170.6874,-45.5833]]],[[[170.3877,-45.9274],[170.3917,-45.9256],[170.3892,-45.9296],[170.3918,-45.933],[170.342,-45.9427],[170.3329,-45.9506],[170.3204,-45.9515],[170.3281,-45.9447],[170.3313,-45.946],[170.3339,-45.9439],[170.3316,-45.9413],[170.3364,-45.9413],[170.3352,-45.9389],[170.3407,-45.9381],[170.3385,-45.9366],[170.3469,-45.9343],[170.3512,-45.9379],[170.364,-45.936],[170.3773,-45.9307],[170.3745,-45.9273],[170.3804,-45.9229],[170.3877,-45.9274]]]]}},{"type":"Feature","properties":{"area_code":"31","area_name":"Dunedin","fua_code":"1006","fua_name":"Dunedin"},"geometry":{"type":"MultiPolygon","coordinates":[[[[170.5553,-45.5123],[170.5554,-45.5143],[170.5514,-45.5123],[170.5557,-45.5155],[170.5546,-45.524],[170.5624,-45.5383],[170.5618,-45.5539],[170.5729,-45.5546],[170.5801,-45.5635],[170.5798,-45.5675],[170.5881,-45.5719],[170.5978,-45.5694],[170.6137,-45.5757],[170.6302,-45.571],[170.6281,-45.5671],[170.6368,-45.5598],[170.7156,-45.5595],[170.7087,-45.5511],[170.7152,-45.5488],[170.7226,-45.5528],[170.7214,-45.5508],[170.7271,-45.549],[170.7294,-45.5862],[170.7252,-45.5959],[170.6946,-45.6193],[170.6896,-45.612],[170.7027,-45.5976],[170.6929,-45.5976],[170.6928,-45.5868],[170.6849,-45.5868],[170.6893,-45.5829],[170.6846,-45.5818],[170.6741,-45.5898],[170.6607,-45.5909],[170.6563,-45.5959],[170.6595,-45.5975],[170.6557,-45.5992],[170.6698,-45.6181],[170.6607,-45.6302],[170.6632,-45.6398],[170.6574,-45.6338],[170.6578,-45.6283],[170.6459,-45.6219],[170.6594,-45.6417],[170.6697,-45.6381],[170.6743,-45.6402],[170.6618,-45.6435],[170.6543,-45.6508],[170.6546,-45.6575],[170.6508,-45.6628],[170.6548,-45.6659],[170.6502,-45.6692],[170.6528,-45.671],[170.644,-45.6739],[170.6299,-45.6859],[170.6155,-45.6903],[170.6149,-45.6947],[170.6101,-45.6965],[170.6009,-45.7108],[170.6021,-45.7281],[170.5966,-45.7308],[170.5963,-45.721],[170.5913,-45.7133],[170.5776,-45.7152],[170.5761,-45.7209],[170.5712,-45.7219],[170.5681,-45.7405],[170.5694,-45.7458],[170.5731,-45.744],[170.5805,-45.7468],[170.5899,-45.7397],[170.5972,-45.7415],[170.5972,-45.7354],[170.5942,-45.7348],[170.5982,-45.733],[170.6181,-45.7343],[170.6169,-45.7363],[170.6267,-45.7426],[170.6297,-45.7487],[170.6178,-45.7495],[170.6223,-45.7539],[170.6196,-45.7571],[170.6261,-45.7633],[170.6314,-45.7567],[170.6292,-45.7524],[170.6334,-45.7518],[170.627,-45.7417],[170.6319,-45.738],[170.6385,-45.7385],[170.6511,-45.7533],[170.6613,-45.7602],[170.6724,-45.7621],[170.6756,-45.7581],[170.6882,-45.7613],[170.6922,-45.7554],[170.6971,-45.7655],[170.7062,-45.7737],[170.7118,-45.7759],[170.7197,-45.7705],[170.7083,-45.7789],[170.7172,-45.7832],[170.718,-45.7867],[170.7078,-45.7811],[170.6991,-45.7862],[170.6948,-45.7833],[170.6809,-45.7841],[170.6712,-45.7863],[170.6695,-45.7895],[170.6593,-45.789],[170.6558,-45.7957],[170.6521,-45.7916],[170.648,-45.7924],[170.6449,-45.7977],[170.6286,-45.7964],[170.6261,-45.8015],[170.612,-45.8056],[170.6086,-45.8002],[170.5886,-45.8148],[170.5942,-45.8219],[170.5695,-45.8276],[170.5783,-45.8307],[170.5741,-45.8333],[170.5765,-45.8352],[170.552,-45.8518],[170.5444,-45.8459],[170.552,-45.8413],[170.5499,-45.8397],[170.5522,-45.8376],[170.5578,-45.8385],[170.5568,-45.8346],[170.5507,-45.8337],[170.5329,-45.8434],[170.5261,-45.8366],[170.5162,-45.841],[170.5098,-45.8481],[170.5054,-45.8388],[170.4994,-45.8384],[170.5023,-45.8371],[170.4987,-45.8336],[170.4901,-45.8336],[170.4862,-45.8359],[170.4942,-45.8441],[170.487,-45.8418],[170.47,-45.8517],[170.4612,-45.85],[170.4595,-45.8574],[170.4635,-45.8601],[170.4537,-45.8641],[170.4484,-45.87],[170.4578,-45.871],[170.458,-45.8752],[170.4667,-45.8788],[170.4558,-45.8917],[170.4524,-45.8883],[170.4412,-45.8942],[170.4225,-45.894],[170.4201,-45.8897],[170.4228,-45.8881],[170.4163,-45.8863],[170.4001,-45.8927],[170.4015,-45.8945],[170.3963,-45.8937],[170.3781,-45.901],[170.3992,-45.9093],[170.4013,-45.9138],[170.3951,-45.9239],[170.3878,-45.9275],[170.3804,-45.9229],[170.3745,-45.9273],[170.3773,-45.9307],[170.364,-45.936],[170.3512,-45.9379],[170.3469,-45.9343],[170.3385,-45.9366],[170.3407,-45.9381],[170.3352,-45.9389],[170.3364,-45.9413],[170.3316,-45.9413],[170.3339,-45.9439],[170.3313,-45.946],[170.3281,-45.9447],[170.3219,-45.9484],[170.3215,-45.9532],[170.2947,-45.9641],[170.2598,-45.9989],[170.2447,-46.0088],[170.2196,-46.0379],[170.2124,-46.0516],[170.1923,-46.0527],[170.1994,-46.0557],[170.1969,-46.0626],[170.2012,-46.0731],[170.1971,-46.0861],[170.2003,-46.0918],[170.1966,-46.1057],[170.1887,-46.1154],[170.1767,-46.1052],[170.1443,-46.1037],[170.1335,-46.101],[170.1212,-46.0918],[170.101,-46.0877],[170.0948,-46.0903],[170.0833,-46.089],[170.074,-46.0943],[170.0709,-46.103],[170.0761,-46.1064],[170.0553,-46.1068],[170.0553,-46.1013],[170.0315,-46.1063],[170.0149,-46.1026],[170.0222,-46.0962],[170.0005,-46.0843],[170.0272,-46.0571],[170.0601,-46.0317],[170.0676,-46.0324],[170.0775,-46.0262],[170.0907,-46.0251],[170.0931,-46.0202],[170.0996,-46.0191],[170.1028,-46.0123],[170.1134,-46.0063],[170.1054,-46.0055],[170.103,-46.0089],[170.1007,-45.9996],[170.0852,-45.9961],[170.0899,-45.9892],[170.0877,-45.9863],[170.0911,-45.9793],[170.0877,-45.9775],[170.0885,-45.9735],[170.0969,-45.9672],[170.1005,-45.9721],[170.1097,-45.9712],[170.1125,-45.9762],[170.1223,-45.9753],[170.1294,-45.9691],[170.1264,-45.957],[170.1148,-45.9504],[170.14,-45.9312],[170.1472,-45.9359],[170.1536,-45.9253],[170.1423,-45.9182],[170.13,-45.9285],[170.1186,-45.9217],[170.1331,-45.908],[170.1392,-45.9092],[170.1618,-45.8713],[170.1434,-45.8398],[170.1708,-45.8468],[170.1896,-45.8456],[170.1983,-45.8414],[170.1958,-45.8469],[170.2037,-45.8526],[170.2072,-45.8516],[170.2022,-45.843],[170.2671,-45.8151],[170.2653,-45.8211],[170.2724,-45.824],[170.2948,-45.8207],[170.2933,-45.8078],[170.3029,-45.801],[170.4967,-45.801],[170.4516,-45.7457],[170.424,-45.6652],[170.4196,-45.6633],[170.4197,-45.632],[170.4087,-45.6369],[170.416,-45.611],[170.4085,-45.5961],[170.4024,-45.5934],[170.4065,-45.5866],[170.3998,-45.5815],[170.3877,-45.5541],[170.4193,-45.5187],[170.4764,-45.533],[170.4816,-45.5092],[170.5529,-45.5094],[170.5553,-45.5123]]],[[[170.5791,-45.749],[170.5787,-45.7521],[170.5816,-45.7501],[170.5821,-45.754],[170.5865,-45.7545],[170.5801,-45.7471],[170.5791,-45.749]]],[[[170.384,-45.8496],[170.3462,-45.8569],[170.348,-45.8599],[170.3515,-45.8589],[170.355,-45.8649],[170.3293,-45.8713],[170.3334,-45.8784],[170.3406,-45.8764],[170.3473,-45.8878],[170.331,-45.8924],[170.3345,-45.8985],[170.3326,-45.8996],[170.3417,-45.9014],[170.3454,-45.8973],[170.3595,-45.8967],[170.3584,-45.8916],[170.3688,-45.8885],[170.3669,-45.8852],[170.3922,-45.878],[170.3976,-45.8796],[170.4108,-45.8727],[170.4058,-45.8704],[170.4049,-45.865],[170.3864,-45.8547],[170.384,-45.8496]]],[[[170.2188,-46.0557],[170.2165,-46.0601],[170.2164,-46.0578],[170.2188,-46.0557]]],[[[170.7156,-45.8794],[170.7159,-45.8807],[170.7137,-45.8796],[170.7156,-45.8794]]],[[[170.7287,-45.7732],[170.7415,-45.7792],[170.7444,-45.7867],[170.7477,-45.7872],[170.7425,-45.7878],[170.7411,-45.7963],[170.7452,-45.8038],[170.7509,-45.8046],[170.7439,-45.8123],[170.7469,-45.8147],[170.738,-45.816],[170.7338,-45.8231],[170.7305,-45.835],[170.7323,-45.845],[170.719,-45.8451],[170.6955,-45.8381],[170.6802,-45.8462],[170.6837,-45.8521],[170.6909,-45.8546],[170.7203,-45.8469],[170.7485,-45.8459],[170.7428,-45.8493],[170.7492,-45.8558],[170.7415,-45.8615],[170.7437,-45.8657],[170.7507,-45.8678],[170.741,-45.8782],[170.7335,-45.876],[170.7295,-45.882],[170.7235,-45.8769],[170.7082,-45.8751],[170.6805,-45.8813],[170.6814,-45.8774],[170.6739,-45.8721],[170.6875,-45.8694],[170.6867,-45.8621],[170.6824,-45.8571],[170.6606,-45.851],[170.6624,-45.8592],[170.658,-45.8649],[170.6696,-45.8688],[170.6686,-45.873],[170.6737,-45.8794],[170.6791,-45.8791],[170.6784,-45.8845],[170.6855,-45.8892],[170.6859,-45.8949],[170.6759,-45.8962],[170.663,-45.9038],[170.6592,-45.8985],[170.6525,-45.9015],[170.6512,-45.8985],[170.6411,-45.8966],[170.6322,-45.9028],[170.6275,-45.898],[170.6062,-45.8976],[170.5673,-45.9095],[170.5654,-45.9061],[170.5586,-45.9092],[170.5539,-45.9076],[170.5564,-45.9043],[170.5521,-45.9018],[170.5405,-45.9041],[170.5426,-45.896],[170.552,-45.8872],[170.5526,-45.8829],[170.5751,-45.8826],[170.5914,-45.8764],[170.591,-45.8738],[170.6057,-45.8715],[170.601,-45.8706],[170.6025,-45.863],[170.5996,-45.8627],[170.6006,-45.8604],[170.607,-45.8612],[170.6033,-45.8579],[170.6048,-45.854],[170.6133,-45.8533],[170.6173,-45.8562],[170.6361,-45.8512],[170.6341,-45.848],[170.6427,-45.8452],[170.6595,-45.8444],[170.6563,-45.8427],[170.665,-45.8393],[170.6624,-45.8362],[170.6731,-45.8319],[170.6706,-45.8299],[170.6698,-45.8138],[170.6794,-45.8118],[170.6842,-45.8054],[170.721,-45.7982],[170.7263,-45.7917],[170.723,-45.7829],[170.7285,-45.7803],[170.7254,-45.7749],[170.7287,-45.7732]]]]}},{"type":"Feature","properties":{"area_code":"32","area_name":"Nelson","fua_code":"2010","fua_name":"Nelson"},"geometry":{"type":"MultiPolygon","coordinates":[[[[173.3254,-41.2229],[173.3303,-41.2255],[173.3263,-41.2328],[173.34,-41.2432],[173.3383,-41.2502],[173.3353,-41.2538],[173.3265,-41.2474],[173.3198,-41.2557],[173.3083,-41.2566],[173.2974,-41.2676],[173.2995,-41.2747],[173.3054,-41.2739],[173.3076,-41.2767],[173.2966,-41.2814],[173.2939,-41.2918],[173.2968,-41.2933],[173.3001,-41.2896],[173.308,-41.293],[173.3056,-41.2978],[173.3078,-41.2988],[173.2946,-41.3195],[173.2855,-41.3161],[173.2821,-41.3183],[173.2808,-41.3317],[173.2664,-41.3342],[173.2615,-41.3286],[173.2464,-41.3384],[173.2469,-41.341],[173.239,-41.3402],[173.232,-41.3468],[173.2227,-41.3475],[173.2221,-41.3417],[173.2196,-41.3423],[173.2118,-41.3325],[173.2069,-41.3308],[173.2023,-41.3336],[173.1989,-41.3306],[173.2093,-41.3262],[173.2135,-41.3134],[173.2188,-41.3091],[173.2173,-41.3057],[173.221,-41.3042],[173.2052,-41.3064],[173.2098,-41.3029],[173.2251,-41.3024],[173.2147,-41.302],[173.2205,-41.2966],[173.212,-41.2972],[173.207,-41.301],[173.2061,-41.2988],[173.2211,-41.2934],[173.2375,-41.2784],[173.2515,-41.2791],[173.2712,-41.2598],[173.2727,-41.2618],[173.2745,-41.2587],[173.2786,-41.2596],[173.2767,-41.2553],[173.2843,-41.2542],[173.2842,-41.2616],[173.2803,-41.2657],[173.2918,-41.2623],[173.3119,-41.2501],[173.3195,-41.2267],[173.3254,-41.2229]]],[[[173.2013,-41.3106],[173.2011,-41.3105],[173.2017,-41.3102],[173.2013,-41.3106]]],[[[173.2006,-41.3078],[173.1992,-41.3073],[173.1997,-41.3072],[173.2006,-41.3078]]],[[[173.1907,-41.3053],[173.1988,-41.3067],[173.1903,-41.3053],[173.1916,-41.3102],[173.1907,-41.3053]]],[[[173.2031,-41.3013],[173.2007,-41.303],[173.1993,-41.3012],[173.2031,-41.3013]]],[[[173.2572,-41.2714],[173.2571,-41.2714],[173.2571,-41.2713],[173.2572,-41.2714]]],[[[173.2585,-41.2655],[173.2592,-41.2694],[173.2568,-41.2686],[173.2585,-41.2655]]]]}},{"type":"Feature","properties":{"area_code":"33","area_name":"Nelson","fua_code":"2010","fua_name":"Nelson"},"geometry":{"type":"Polygon","coordinates":[[[173.169,-41.3194],[173.1919,-41.328],[173.1941,-41.3315],[173.211,-41.332],[173.2196,-41.3423],[173.2221,-41.3417],[173.2217,-41.3513],[173.2189,-41.3528],[173.215,-41.3452],[173.1952,-41.3575],[173.1885,-41.3569],[173.1814,-41.3649],[173.179,-41.3628],[173.1697,-41.3687],[173.1666,-41.3658],[173.1696,-41.3639],[173.1665,-41.3587],[173.1579,-41.3492],[173.1662,-41.344],[173.1463,-41.326],[173.1604,-41.3172],[173.169,-41.3194]]]}},{"type":"Feature","properties":{"area_code":"34","area_name":"Nelson","fua_code":"2010","fua_name":"Nelson"},"geometry":{"type":"MultiPolygon","coordinates":[[[[173.1597,-41.3523],[173.1696,-41.3639],[173.1666,-41.3658],[173.1602,-41.36],[173.1462,-41.3688],[173.1527,-41.3746],[173.1386,-41.3834],[173.1305,-41.3932],[173.1126,-41.38],[173.0993,-41.3877],[173.0899,-41.3782],[173.092,-41.3766],[173.0898,-41.3722],[173.0976,-41.3697],[173.1037,-41.362],[173.1183,-41.3741],[173.1579,-41.3492],[173.1597,-41.3523]]],[[[173.0603,-41.4055],[173.0504,-41.4123],[173.053,-41.4149],[173.0511,-41.4313],[173.0271,-41.4262],[173.0298,-41.422],[173.0259,-41.4251],[173.0188,-41.4192],[173.0243,-41.4129],[173.0163,-41.406],[173.0397,-41.4048],[173.0448,-41.3986],[173.0675,-41.3853],[173.0752,-41.3921],[173.0621,-41.401],[173.0644,-41.4028],[173.0603,-41.4055]]],[[[173.1041,-41.2459],[173.1081,-41.2511],[173.1042,-41.2534],[173.0978,-41.2486],[173.1024,-41.2562],[173.0996,-41.2614],[173.0979,-41.257],[173.0893,-41.2591],[173.087,-41.2553],[173.0803,-41.2542],[173.077,-41.2487],[173.0817,-41.2493],[173.09,-41.2439],[173.1041,-41.2459]]]]}},{"type":"Feature","properties":{"area_code":"35","area_name":"Nelson","fua_code":"2010","fua_name":"Nelson"},"geometry":{"type":"MultiPolygon","coordinates":[[[[173.5941,-41.0516],[173.5987,-41.0707],[173.5919,-41.0784],[173.5966,-41.0891],[173.5882,-41.1001],[173.59,-41.1085],[173.5799,-41.1208],[173.5786,-41.1359],[173.5819,-41.1466],[173.5782,-41.1517],[173.5813,-41.1553],[173.5809,-41.164],[173.5763,-41.1714],[173.5744,-41.1837],[173.5674,-41.19],[173.5439,-41.1898],[173.5343,-41.1959],[173.5223,-41.1983],[173.5201,-41.2],[173.522,-41.2066],[173.5158,-41.2139],[173.4877,-41.2216],[173.4762,-41.2289],[173.4711,-41.2428],[173.4417,-41.2643],[173.437,-41.2729],[173.4155,-41.2888],[173.421,-41.2998],[173.4208,-41.3084],[173.4148,-41.3231],[173.4068,-41.331],[173.376,-41.3423],[173.3607,-41.3532],[173.3375,-41.3855],[173.2975,-41.3931],[173.285,-41.4027],[173.2889,-41.4172],[173.2949,-41.4256],[173.2764,-41.4395],[173.2735,-41.4489],[173.2627,-41.4521],[173.2606,-41.4579],[173.2508,-41.4666],[173.2685,-41.4798],[173.2747,-41.4888],[173.2889,-41.4933],[173.3041,-41.506],[173.2982,-41.516],[173.2795,-41.5165],[173.2493,-41.5245],[173.2339,-41.5196],[173.2156,-41.5182],[173.2037,-41.5203],[173.1964,-41.5261],[173.1863,-41.5288],[173.1724,-41.5241],[173.1687,-41.5312],[173.1746,-41.5424],[173.1655,-41.5498],[173.1594,-41.565],[173.1552,-41.5683],[173.1536,-41.5826],[173.1414,-41.5896],[173.1302,-41.5909],[173.1256,-41.6036],[173.1211,-41.6082],[173.1136,-41.6092],[173.0689,-41.5106],[173.069,-41.5053],[173.0648,-41.5012],[173.079,-41.4875],[173.0777,-41.4772],[173.0824,-41.4738],[173.0783,-41.469],[173.0845,-41.4647],[173.0835,-41.4609],[173.0915,-41.4583],[173.0825,-41.4533],[173.0774,-41.4539],[173.0749,-41.4478],[173.0682,-41.449],[173.0617,-41.4557],[173.0576,-41.4474],[173.0535,-41.4493],[173.0543,-41.4452],[173.049,-41.4423],[173.0477,-41.4345],[173.0512,-41.431],[173.0529,-41.4174],[173.0504,-41.4123],[173.0752,-41.3921],[173.0675,-41.3853],[173.0448,-41.3986],[173.0397,-41.4048],[173.0163,-41.406],[173.0243,-41.4129],[173.0149,-41.4236],[173.0188,-41.4265],[172.9988,-41.4357],[172.9952,-41.4417],[172.9972,-41.4494],[172.9873,-41.4631],[172.9966,-41.4705],[172.9961,-41.4774],[173.0014,-41.4847],[172.9801,-41.5066],[172.9241,-41.5494],[172.9079,-41.537],[172.9039,-41.5303],[172.8958,-41.529],[172.8779,-41.5056],[172.8775,-41.4806],[172.8682,-41.4777],[172.8658,-41.4694],[172.869,-41.4643],[172.8674,-41.4601],[172.8724,-41.4571],[172.8785,-41.4614],[172.8783,-41.4531],[172.8952,-41.4529],[172.9012,-41.4597],[172.9066,-41.4577],[172.9031,-41.4532],[172.9081,-41.4533],[172.9058,-41.4434],[172.9015,-41.4432],[172.9008,-41.4363],[172.8965,-41.4323],[172.8986,-41.4278],[172.8942,-41.4208],[172.898,-41.4051],[172.8946,-41.3988],[172.8988,-41.3941],[172.8978,-41.3878],[172.9371,-41.3842],[172.9398,-41.3825],[172.9411,-41.3722],[172.9644,-41.3679],[172.9697,-41.3591],[172.9851,-41.3608],[172.9848,-41.3645],[172.9952,-41.3641],[172.993,-41.3606],[172.9976,-41.3577],[172.997,-41.3437],[173.0034,-41.3442],[173.0056,-41.3355],[173.0143,-41.336],[173.0238,-41.3268],[173.0281,-41.3263],[173.0319,-41.3142],[173.0281,-41.3122],[173.0392,-41.3047],[173.0388,-41.2839],[173.0207,-41.2748],[173.0234,-41.2541],[173.0206,-41.2506],[173.0114,-41.2589],[173.0111,-41.2514],[173.005,-41.2395],[173.0085,-41.2325],[173.0158,-41.2403],[173.0553,-41.2437],[173.0492,-41.2324],[173.0427,-41.2047],[173.0286,-41.2093],[173.0168,-41.1924],[173.0204,-41.1874],[173.0411,-41.1764],[173.0516,-41.1882],[173.0526,-41.1838],[173.0572,-41.1822],[173.0492,-41.1773],[173.048,-41.173],[173.051,-41.1717],[173.0459,-41.1702],[173.0369,-41.1588],[173.0659,-41.1839],[173.0714,-41.196],[173.0849,-41.2117],[173.0848,-41.2303],[173.0993,-41.2435],[173.0774,-41.2485],[173.0805,-41.251],[173.0794,-41.254],[173.0717,-41.2535],[173.0789,-41.2583],[173.071,-41.2636],[173.0828,-41.2639],[173.0868,-41.2673],[173.0782,-41.2713],[173.0753,-41.2772],[173.0837,-41.2746],[173.0859,-41.2781],[173.0917,-41.2745],[173.0941,-41.2783],[173.0984,-41.2747],[173.1043,-41.2772],[173.0995,-41.2819],[173.0853,-41.2852],[173.0955,-41.2873],[173.0942,-41.2924],[173.0994,-41.2878],[173.1033,-41.2914],[173.1093,-41.2883],[173.1118,-41.292],[173.1095,-41.2869],[173.115,-41.2889],[173.1154,-41.2851],[173.1364,-41.2876],[173.1376,-41.2919],[173.1394,-41.2895],[173.1607,-41.3073],[173.1546,-41.3117],[173.16,-41.3111],[173.1604,-41.3172],[173.1463,-41.326],[173.1662,-41.344],[173.1183,-41.3741],[173.1037,-41.362],[173.0976,-41.3697],[173.0894,-41.3731],[173.092,-41.3766],[173.0899,-41.3782],[173.0993,-41.3877],[173.1126,-41.38],[173.1305,-41.3932],[173.1386,-41.3834],[173.1527,-41.3746],[173.1462,-41.3688],[173.1602,-41.36],[173.1697,-41.3687],[173.179,-41.3628],[173.1814,-41.3649],[173.1885,-41.3569],[173.1952,-41.3575],[173.215,-41.3452],[173.2198,-41.3532],[173.2237,-41.346],[173.232,-41.3468],[173.239,-41.3402],[173.2468,-41.341],[173.2464,-41.3384],[173.2615,-41.3286],[173.2664,-41.3342],[173.2808,-41.3317],[173.2821,-41.3183],[173.2855,-41.3161],[173.2946,-41.3195],[173.3078,-41.2988],[173.3056,-41.2978],[173.308,-41.293],[173.3001,-41.2896],[173.2968,-41.2933],[173.2939,-41.2918],[173.2966,-41.2814],[173.3076,-41.2767],[173.3054,-41.2739],[173.2995,-41.2747],[173.2974,-41.2676],[173.3083,-41.2566],[173.3198,-41.2557],[173.3265,-41.2474],[173.3353,-41.2538],[173.3383,-41.2502],[173.34,-41.2432],[173.3313,-41.2388],[173.3333,-41.2365],[173.3259,-41.2317],[173.3303,-41.2255],[173.3251,-41.2228],[173.3299,-41.2177],[173.3232,-41.203],[173.3637,-41.1841],[173.3735,-41.1737],[173.3891,-41.1678],[173.4038,-41.1557],[173.4158,-41.1592],[173.418,-41.155],[173.4126,-41.1493],[173.4119,-41.1421],[173.4168,-41.1362],[173.434,-41.1382],[173.4397,-41.1518],[173.4387,-41.1604],[173.4443,-41.1644],[173.438,-41.1595],[173.4378,-41.1636],[173.4362,-41.1619],[173.429,-41.1664],[173.425,-41.1654],[173.4205,-41.1578],[173.4138,-41.1607],[173.4135,-41.1634],[173.4245,-41.1695],[173.4293,-41.1768],[173.4383,-41.1721],[173.4314,-41.171],[173.4337,-41.1692],[173.4456,-41.1702],[173.4464,-41.1664],[173.4514,-41.1644],[173.463,-41.1668],[173.4704,-41.1599],[173.4424,-41.1608],[173.4824,-41.1566],[173.5064,-41.1347],[173.509,-41.1283],[173.5078,-41.1155],[173.5138,-41.1046],[173.5362,-41.1013],[173.5471,-41.0957],[173.552,-41.0875],[173.5595,-41.0836],[173.5619,-41.0741],[173.5651,-41.0759],[173.5685,-41.0733],[173.57,-41.0657],[173.5749,-41.064],[173.5794,-41.0667],[173.587,-41.0637],[173.5941,-41.0516]]],[[[173.1489,-41.2948],[173.1532,-41.2975],[173.1477,-41.2956],[173.1489,-41.2948]]],[[[173.1451,-41.2868],[173.159,-41.2909],[173.1647,-41.3008],[173.1549,-41.2985],[173.1499,-41.2917],[173.1383,-41.2857],[173.1451,-41.2868]]],[[[173.1508,-41.2848],[173.1786,-41.2876],[173.1799,-41.2983],[173.1745,-41.2991],[173.1591,-41.2875],[173.1508,-41.2848]]],[[[173.1121,-41.267],[173.1407,-41.2819],[173.1343,-41.2845],[173.1232,-41.2774],[173.1157,-41.2766],[173.1133,-41.2691],[173.1076,-41.2691],[173.1121,-41.267]]],[[[173.1087,-41.2663],[173.1101,-41.2671],[173.1085,-41.2674],[173.1087,-41.2663]]],[[[173.1004,-41.2644],[173.0991,-41.2634],[173.1008,-41.2626],[173.1004,-41.2644]]],[[[173.127,-41.2568],[173.1845,-41.2743],[173.2006,-41.2841],[173.1886,-41.2873],[173.1785,-41.2804],[173.1513,-41.2836],[173.1421,-41.2803],[173.1296,-41.2718],[173.1044,-41.2633],[173.1067,-41.2578],[173.1136,-41.2581],[173.1048,-41.2568],[173.1102,-41.2524],[173.127,-41.2568]]]]}}]}